rainfall24h,elevation,slope,soilMoisture,target
19.170000076293945,42.0,5.134986131220104,30.86899948120117,0
20.634998321533203,524.0,34.77802218832971,36.21500015258789,1
77.68499755859375,208.0,9.350473782917254,30.11199951171875,1
13.34000015258789,5.0,0.0,43.45600128173828,0
21.71499824523925,878.0,29.63943629033122,36.40399932861328,0
4.21999979019165,2355.0,35.2101656085033,39.58300018310547,0
0.0249999985098838,229.0,2.7410634035342527,32.4119987487793,0
10.835000991821287,48.0,1.0346531706931774,34.34400177001953,0
7.144999980926514,5694.0,19.35114220716917,26.593000411987305,0
17.25999641418457,6.0,1.3636616268613924,29.46699905395508,0
6.754999160766602,1167.0,1.387753790258008,38.141998291015625,1
24.470001220703125,26.0,6.31627898109129,40.150001525878906,0
15.799997329711914,237.0,5.211314549796946,33.94599914550781,0
0.0,2195.0,33.991253051718154,33.529998779296875,0
4.164999961853027,866.0,27.282090548675143,39.76900100708008,1
8.475000381469727,1717.0,46.91495762766459,38.93299865722656,1
6.800000190734863,1435.0,12.471496205387888,40.02999877929688,1
0.6449999213218689,1024.0,35.93984192404095,34.07400131225586,1
21.369997024536133,1535.0,30.18256697884878,37.39899826049805,1
43.470001220703125,97.0,12.933283004058028,39.53300094604492,1
18.23500061035156,214.0,7.942395466555503,35.71699905395508,0
2.119999885559082,81.0,11.485000492791263,35.30699920654297,0
0.0900000035762786,537.0,17.078131676396396,33.47200012207031,0
23.36999893188477,143.0,21.63720584577714,34.88999938964844,1
1.8599998950958248,2.0,1.3621030375752272,40.64599990844727,0
8.40999984741211,1315.0,14.54418447986959,41.87900161743164,1
22.295000076293945,1559.0,29.26304389553204,43.39899826049805,1
1.8349997997283936,8.0,2.9558268940164387,32.20899963378906,0
5.439999580383301,310.0,33.718213616135,30.989999771118164,0
16.104999542236328,4.0,2.9524724366472617,35.16600036621094,0
10.789999961853027,83.0,30.11204693140904,34.20600128173828,1
0.3549999892711639,4115.0,22.523996652657942,30.97699928283692,0
0.0,1398.0,10.209837985587429,37.21799850463867,1
1.4900000095367432,699.0,8.28618530638979,38.16299819946289,1
0.3999999761581421,289.0,11.565823006032677,30.30599975585937,1
11.30500030517578,2111.0,30.80104761661057,31.3700008392334,0
0.0649999976158142,1646.0,14.637633427177526,39.87200164794922,1
16.229999542236328,982.0,15.213437124189388,39.9370002746582,0
20.029998779296875,6.0,1.009751701869392,41.42100143432617,0
16.494998931884766,2147.0,43.07356251240445,32.7599983215332,0
161.239990234375,63.0,6.774041654801501,40.165000915527344,1
5.22499942779541,7.0,3.1714513878895687,33.9379997253418,0
5.355000019073486,5067.0,11.970678582997046,19.79899978637696,0
0.9699999690055848,5432.0,2.974865398600087,27.573999404907227,0
19.49999618530273,1315.0,18.801212904229484,43.446998596191406,1
1.869999885559082,3863.0,28.101772837293225,32.92300033569336,0
3.014999866485596,1571.0,13.286694596501158,36.22800064086914,1
99.6999969482422,1716.0,22.83439297298996,29.00300025939941,1
18.48500061035156,397.0,15.892245307381415,34.83599853515625,0
9.304999351501465,30.0,0.0,33.97599792480469,0
38.71500015258789,2339.0,39.888047393075695,37.09299850463867,0
12.729999542236328,164.0,4.463660961399102,38.43299865722656,0
4.569999694824219,1289.0,38.54021763418603,28.02899932861328,0
0.9749999642372132,1763.0,20.910834216618408,37.63899993896485,0
2.679999828338623,817.0,8.786436314080763,30.952999114990234,0
2.9049997329711914,1834.0,31.18064168997421,29.87800025939941,0
8.834999084472656,4759.0,20.027591722189825,37.172000885009766,0
64.85000610351562,1668.0,32.48339327835614,27.417999267578125,1
2.289999961853028,54.0,0.0,32.79499816894531,1
7.019999504089356,466.0,20.935780187981493,38.55199813842773,1
30.499998092651367,1378.0,7.704690069377325,36.29800033569336,1
8.585000991821289,3788.0,28.186532040103003,32.82400131225586,0
42.61000061035156,63.0,4.818259994255743,33.180999755859375,1
2.5299999713897705,4768.0,29.099605604576176,29.64900016784668,0
30.834999084472656,307.0,8.213794389737659,32.54600143432617,1
0.1949999928474426,1847.0,50.98081968480692,27.9950008392334,1
0.0,3867.0,41.67283207837748,26.96299934387207,0
21.26500129699707,94.0,2.0816688582685057,35.198001861572266,1
1.7649998664855957,4012.0,33.88049754659425,35.86800003051758,0
45.6400032043457,1657.0,31.57941543136354,39.055999755859375,1
2.445000171661377,3047.0,10.90590954366036,34.12699890136719,0
0.0,59.0,0.0,31.599000930786133,0
7.304999828338623,72.0,1.852254273911334,32.02000045776367,1
2.8500001430511475,1.0,0.0,34.00699996948242,0
47.614994049072266,1227.0,3.586080799213583,34.33100128173828,1
0.0949999988079071,6.0,3.421223574909417,24.81100082397461,0
8.409998893737793,1311.0,40.05203725651913,32.31399917602539,0
6.549999237060547,998.0,6.125906246428548,38.45500183105469,1
15.38499927520752,179.0,26.744232985272472,40.71099853515625,1
23.09999656677246,147.0,1.386771132207247,36.79100036621094,1
10.794999122619627,846.0,23.47891185858705,39.20100021362305,1
30.6050033569336,2656.0,26.634578703217706,31.833999633789062,0
8.795000076293945,6.0,3.002346974857879,42.35100173950195,0
0.0049999998882412,167.0,3.579382463609759,37.547000885009766,0
8.734999656677246,124.0,12.523591942861296,35.83100128173828,1
51.76000213623047,146.0,2.2771438387407703,44.468997955322266,1
0.1449999958276748,693.0,6.536941433448177,41.49800109863281,1
219.6800079345703,802.0,8.522642338386635,36.37200164794922,1
6.824999809265137,1684.0,28.085541778829267,37.74100112915039,1
16.274999618530273,301.0,39.74092269530116,34.8380012512207,0
27.92499732971192,1819.0,39.11774685252796,37.24599838256836,1
4.864999771118164,572.0,18.19694661903899,33.83300018310547,0
8.145000457763672,1173.0,30.25022032179324,41.9739990234375,1
16.639999389648438,1614.0,29.53602090910925,38.89500045776367,1
3.904999732971192,784.0,1.3781307546716215,36.69499969482422,1
7.739998817443848,140.0,3.1456466606294704,39.13399887084961,0
36.665000915527344,89.0,17.429220646877386,42.59299850463867,1
20.71500015258789,57.0,1.852254273911334,36.71599960327149,1
8.919999122619629,1040.0,16.860785495741176,39.96099853515625,1
3.989999771118164,1563.0,14.352001947229548,38.665000915527344,1
13.885000228881836,1484.0,21.17647711915332,25.25900077819824,1
0.4699999690055847,34.0,1.3853320397381608,34.391998291015625,0
2.509999990463257,915.0,36.03357894696324,41.16299819946289,1
17.84999656677246,1148.0,7.675353195263384,37.4630012512207,1
2.9749999046325684,1171.0,7.440685346262844,38.91600036621094,1
56.275001525878906,1767.0,27.55044535407617,40.30400085449219,1
1.2599999904632568,767.0,5.048548813150623,38.38100051879883,1
98.27001953125,690.0,12.53647418327811,38.29600143432617,1
12.505001068115234,11.0,1.852254273911334,34.97999954223633,0
23.02499771118164,700.0,15.584319140976891,37.95199966430664,1
1.7099997997283936,7.0,0.0,32.90999984741211,0
46.869998931884766,525.0,5.15715117338214,39.448001861572266,1
0.8200000524520874,1845.0,31.364113895216203,25.538000106811523,1
0.6049999594688416,125.0,3.700645055238003,36.64500045776367,0
28.32000160217285,99.0,20.03237253917104,37.84999847412109,1
0.0,5.0,0.0,40.42100143432617,0
3.2199997901916504,869.0,6.540767028653907,24.51499938964844,1
28.68499755859375,34.0,0.0,29.288000106811523,0
6.985000133514404,318.0,8.604664913794034,29.52300071716309,1
14.96999740600586,282.0,3.2128253404789087,28.57099914550781,1
9.715001106262209,919.0,25.374405043341945,38.81499862670898,0
17.52500343322754,1586.0,44.95634585071402,33.2869987487793,1
3.5199999809265137,447.0,19.352435158845225,39.17599868774414,1
37.53999328613281,969.0,22.717560039379222,36.69900131225586,1
1.5299999713897705,1288.0,12.456195843516292,38.53900146484375,1
63.01500701904297,209.0,0.926369172997235,27.79700088500977,1
193.300048828125,133.0,10.024134913751013,44.040000915527344,1
26.63999557495117,103.0,7.649791941855328,36.26900100708008,0
16.360002517700195,35.0,2.9621510496457546,32.76100158691406,0
0.574999988079071,4258.0,24.90904213409894,29.19499969482422,0
0.3049999475479126,4865.0,31.59543905757001,31.166000366210938,0
2.46500015258789,3782.0,37.04693292113397,25.36999893188477,0
0.0,5300.0,32.60875662857744,22.63999938964844,0
2.5400002002716064,1223.0,11.982789615605451,36.32799911499024,1
44.2349967956543,795.0,30.34177918841917,33.74399948120117,1
0.0,158.0,30.203926293037487,29.48900032043457,1
27.58500289916992,1205.0,1.0249975202040136,33.93299865722656,1
19.59000015258789,51.0,2.962264172036869,36.83200073242188,1
2.0799999237060547,475.0,6.12249908570025,38.73799896240234,0
0.0350000001490116,470.0,22.45952250962254,36.867000579833984,1
2.775000095367432,355.0,5.226876247386835,38.698001861572266,1
27.439998626708984,236.0,23.072954772058488,39.93299865722656,1
0.1400000005960464,181.0,0.0,34.08300018310547,0
3.014999866485596,1853.0,17.243893132265686,40.71500015258789,1
6.529999732971191,4839.0,21.565226992021056,33.60200119018555,0
77.48999786376953,1678.0,19.73007978274894,44.81700134277344,1
5.624999523162842,1018.0,9.356034364378676,40.10599899291992,1
9.739999771118164,1510.0,32.9637078729091,25.06100082397461,1
0.3799999952316284,5192.0,10.420583546850803,28.06800079345703,0
0.4300000071525574,5231.0,49.4264327203518,32.097999572753906,0
0.8899999856948853,50.0,2.121287900624275,34.62900161743164,0
1.7699999809265137,4780.0,16.871876584457883,25.319000244140625,0
19.89999961853028,213.0,14.236549622926058,33.21900177001953,1
10.984999656677246,34.0,14.316083944889312,37.21699905395508,1
27.5049991607666,13.0,5.533338149055991,31.75200080871582,0
0.4650000035762787,1348.0,10.988566845299832,32.327999114990234,1
1.1050000190734863,28.0,3.83922887551942,30.78300094604492,0
5.364999771118164,173.0,12.858314085836204,34.20600128173828,1
0.0,4.0,0.0,33.55099868774414,0
37.68499755859375,1398.0,29.25896401491808,40.72800064086914,1
54.02999496459961,407.0,16.099431076325118,44.99599838256836,1
2.490000009536743,4008.0,9.747140339863824,27.49099922180176,0
9.39499855041504,1771.0,27.37315361652538,34.1870002746582,0
3.3499999046325684,1033.0,16.02045964527659,36.95600128173828,1
0.3700000047683716,692.0,25.176293155000685,37.37900161743164,1
26.549999237060547,892.0,22.17041420618884,33.768001556396484,0
14.6899995803833,16.0,2.114610399654752,35.88600158691406,0
22.94499969482422,1161.0,42.54038516410769,39.78900146484375,1
20.780000686645508,9.0,2.7771727466475022,41.15499877929688,0
1.5099997520446775,5513.0,31.04925184362069,18.42200088500977,0
1.0449999570846558,666.0,13.678079330344058,32.529998779296875,0
0.2699999809265136,10.0,1.0128429322088843,34.277000427246094,0
8.819999694824219,133.0,0.926369172997235,36.77899932861328,1
75.77999877929688,29.0,4.124319018386397,36.84999847412109,1
1.8249998092651367,1396.0,3.200508507855546,39.41999816894531,1
21.26999855041504,172.0,2.0477641200316627,33.19300079345703,0
4.470000267028809,698.0,32.88654783016612,37.76900100708008,0
64.27999877929688,692.0,25.176293155000685,39.448001861572266,1
7.609999656677246,1464.0,34.51751463643877,41.999000549316406,1
62.99500274658203,110.0,7.483527022769612,33.095001220703125,1
6.274999618530273,4089.0,7.587268927409871,32.08399963378906,0
5.529999732971191,947.0,16.7960962530793,22.79199981689453,1
4.87999963760376,1009.0,6.350384387505837,41.9739990234375,1
48.15999984741211,7.0,0.0,38.233001708984375,0
1.5400002002716064,8.0,2.017353595989253,40.61199951171875,0
0.0,1586.0,23.603277744846192,26.82900047302246,1
2.690000057220459,8.0,0.926369172997235,42.67300033569336,0
17.225000381469727,20.0,0.0,37.90800094604492,0
37.53999328613281,950.0,30.27625293414386,37.297000885009766,1
96.27499389648438,512.0,24.05432434868892,43.62300109863281,1
7.944999217987059,3033.0,39.81015571391337,28.121999740600582,0
12.255001068115234,1628.0,30.342707714734605,36.61499786376953,1
30.259998321533203,406.0,6.4993257467495305,35.90900039672852,1
7.179999351501465,1627.0,11.162178370173905,38.86800003051758,1
17.51500129699707,1686.0,4.807840935153697,32.72200012207031,1
13.149999618530272,1064.0,39.91619716692816,38.34799957275391,1
5.789999485015869,3498.0,34.23758595734742,30.06399917602539,0
2.6599998474121094,75.0,5.043448679122359,32.395999908447266,0
1.959999918937683,650.0,24.835380051773708,33.6609992980957,0
0.0,3780.0,25.213303243803573,28.28199958801269,0
1.1450001001358032,3331.0,21.757364346085712,32.446998596191406,0
61.63499450683594,134.0,2.273255293928232,38.0880012512207,1
16.205001831054688,272.0,25.893203347040103,38.573001861572266,1
3.09000015258789,95.0,2.1247789427521147,33.849998474121094,1
3.4649996757507324,721.0,13.239755820989553,41.15700149536133,1
5.550000190734863,3748.0,6.500107243904632,31.24099922180176,1
23.855005264282227,724.0,13.369645277910749,39.28900146484375,1
7.049999713897705,1504.0,16.261579422291064,22.43000030517578,1
30.98499870300293,7.0,0.0,35.9379997253418,0
0.0099999997764825,4551.0,28.84802053534587,24.71699905395508,0
26.880002975463867,556.0,27.021028298552192,39.858001708984375,1
2.515000343322754,1012.0,2.115746804158197,38.845001220703125,1
0.0850000008940696,514.0,13.055539758628033,25.816999435424805,0
14.704998016357422,4315.0,25.16973052085137,32.72800064086914,0
8.180000305175781,777.0,38.50868136980543,21.20800018310547,1
1.704999923706055,110.0,1.3906542686811854,28.88400077819824,0
0.0,3777.0,27.468803935489728,30.143999099731445,0
25.894996643066406,1479.0,11.687392758994248,36.917999267578125,1
4.460000038146973,1607.0,33.42494578296137,38.56499862670898,1
7.430000305175781,5157.0,2.3214437905165184,30.093000411987305,0
0.0,78.0,9.728201491806368,26.600000381469727,1
2.049999952316284,1055.0,31.77610629736992,40.08000183105469,0
1.2149999141693115,221.0,26.03653757734272,30.11400032043457,0
40.619998931884766,949.0,36.44619065843627,38.9119987487793,1
22.07000160217285,1388.0,28.36437685557471,29.229999542236328,1
3.049999713897705,820.0,24.469821629062924,27.400999069213867,0
2.5349998474121094,3751.0,36.81617742406302,30.167999267578125,0
36.47499465942383,1704.0,16.072160878428527,39.77899932861328,1
58.49999237060547,203.0,15.33091498205405,39.14599990844727,0
26.924999237060547,1406.0,22.47272827882763,43.507999420166016,1
1.904999732971192,1503.0,16.038678192026104,37.94200134277344,1
8.464999198913574,2049.0,35.90869349353838,34.44599914550781,1
0.0,15.0,3.002346974857879,29.0939998626709,0
10.130000114440918,2600.0,36.99207651312177,33.702999114990234,0
1.559999942779541,1106.0,32.02632669056168,36.880001068115234,0
3.854999542236328,857.0,30.45779626223729,39.55899810791016,0
145.75997924804688,1448.0,7.211180224347258,35.68899917602539,1
2.6050000190734863,1143.0,8.129596852486529,39.31100082397461,1
11.135001182556152,1450.0,21.554870104453816,36.24300003051758,1
20.75499725341797,4154.0,20.75738495762356,32.45100021362305,0
0.0,876.0,31.16083503860741,40.54999923706055,1
14.920000076293944,1542.0,12.901696398278036,31.698999404907227,1
0.0,61.0,2.2560210150566906,34.30899810791016,1
30.834999084472656,325.0,23.705749643396505,32.54600143432617,1
16.520000457763672,571.0,22.8550987968422,40.415000915527344,1
22.92000198364257,1456.0,14.569286101009888,42.40800094604492,1
6.8600006103515625,1380.0,9.18427544441587,44.06499862670898,1
0.8899999856948853,3426.0,30.731772287991458,28.22699928283692,1
9.98500156402588,3435.0,37.73314830552812,29.020000457763672,0
54.209999084472656,978.0,1.3621030375752272,30.39800071716309,0
0.675000011920929,664.0,14.438009541162929,38.0369987487793,0
43.22499465942383,1763.0,28.425767023589582,38.9119987487793,1
6.664999961853027,314.0,43.508931111637935,27.91900062561035,1
0.5749999284744263,33.0,4.921340582296557,18.582000732421875,1
13.76999855041504,3442.0,33.74419365072278,31.47699928283692,0
27.16000366210937,252.0,23.119881010719286,28.77199935913086,1
51.73500061035156,867.0,29.6360306360278,38.36899948120117,1
1.5499999523162842,3849.0,35.480161738777745,30.57200050354004,0
14.004997253417969,788.0,10.96796618678514,41.34000015258789,1
0.3199999928474426,292.0,6.774925571484273,16.79199981689453,0
20.03499984741211,1557.0,18.3386578767809,30.92200088500977,0
24.764997482299805,10.0,1.852254273911334,41.04199981689453,0
1.3149999380111694,1081.0,8.496937956006335,34.099998474121094,1
15.725000381469728,5010.0,5.634854911798844,30.43400001525879,0
51.93000411987305,315.0,11.56504348955916,31.82699966430664,1
3.679999828338623,1018.0,8.821089630664796,39.323001861572266,1
7.809998512268066,1480.0,34.577439865993604,31.597000122070312,1
17.165000915527344,1520.0,9.456948131965516,35.07500076293945,0
127.78498840332033,1496.0,11.383724956082276,36.57899856567383,1
15.460000991821287,7.0,0.0,39.4119987487793,0
9.625,1553.0,3.0918835620363234,35.6870002746582,1
4.009999752044678,317.0,9.327683683775282,40.46699905395508,1
46.56500244140625,1885.0,32.421818019787125,37.90800094604492,1
28.93000030517578,14.0,2.1115040004906445,39.77299880981445,0
0.1199999973177909,1371.0,27.026628812346573,39.23899841308594,1
3.8249998092651367,462.0,17.05316578885703,37.34000015258789,1
1.569999933242798,4431.0,40.19365615400811,28.97900009155273,0
242.04498291015625,341.0,5.210697816005832,37.57699966430664,1
0.0,1516.0,14.993125541982852,23.121999740600582,1
21.07499885559082,5140.0,13.78232231405046,42.12200164794922,0
6.684999465942383,939.0,13.089378757745738,35.10300064086914,1
14.85500144958496,4.0,0.926369172997235,35.48500061035156,0
9.02500057220459,2689.0,11.67372935280908,32.00199890136719,1
4.019999980926514,1392.0,19.94576616473369,42.492000579833984,1
0.0,160.0,16.865567463034814,34.084999084472656,1
144.3800048828125,23.0,2.0413777681804106,40.09299850463867,1
14.854999542236328,182.0,5.635158792453883,34.16699981689453,1
69.54999542236328,46.0,1.3764031215077237,40.005001068115234,1
65.1449966430664,1602.0,26.68126632136219,40.382999420166016,1
12.149999618530272,4265.0,19.96278596508645,39.58599853515625,0
17.604999542236328,785.0,2.7545823875732576,37.930999755859375,1
0.6349999308586121,120.0,1.3742069168389894,41.91400146484375,0
0.0700000002980232,5185.0,2.976414713871603,19.910999298095703,0
69.65999603271484,119.0,26.572519267120768,35.0359992980957,0
0.0,13.0,5.631616822201304,19.325000762939453,0
6.760000228881836,28.0,0.926369172997235,44.65999984741211,1
3.4200000762939453,2601.0,26.70624913114868,36.15399932861328,0
17.784996032714844,988.0,23.248272553867388,36.07799911499024,1
7.494999885559082,900.0,22.497546016791755,33.49100112915039,1
18.66999626159668,1571.0,13.286694596501158,37.77999877929688,1
0.0,2791.0,24.067876151842167,26.733999252319336,0
29.86499786376953,5.0,1.3631389557802955,42.55099868774414,0
8.175000190734863,753.0,29.11681749159973,38.72800064086914,1
0.0149999996647238,319.0,4.4814897359079255,40.69200134277344,0
16.545001983642578,182.0,11.001194163740385,31.04899978637696,0
4.279999732971191,777.0,12.19922578147437,39.26300048828125,1
25.044998168945312,808.0,14.408778587162091,42.23600006103516,1
20.695003509521484,134.0,12.76886173047085,35.191001892089844,0
20.999998092651367,357.0,26.97361337568654,35.69599914550781,0
8.464999198913574,188.0,35.452827191558235,35.71900177001953,1
0.044999998062849,3635.0,29.62275080740819,22.95400047302246,1
2.075000047683716,1515.0,16.03432433908622,38.01100158691406,1
77.66999053955078,1088.0,19.442625707759227,41.233001708984375,0
30.699995040893555,389.0,21.891255655254337,28.718000411987305,0
12.804998397827148,2615.0,1.0437789193849585,31.69099998474121,1
44.17000198364258,560.0,24.638327529773587,28.89299964904785,1
9.010000228881836,5548.0,47.20992302915263,28.290000915527344,0
16.799997329711914,1285.0,29.557286556348007,29.928998947143555,0
22.764997482299805,115.0,39.5106853976653,34.88999938964844,1
7.980000495910644,1082.0,17.455246223727958,35.51100158691406,0
7.424999713897705,138.0,5.234175183172443,26.04400062561035,0
2.3349997997283936,0.0,0.0,32.810001373291016,0
0.0,324.0,37.359591147855866,27.78499984741211,1
3.2799997329711914,585.0,31.735828847521173,30.301000595092773,1
40.719993591308594,141.0,1.0284802991163406,28.046998977661133,0
50.63499450683594,232.0,28.07860733151429,31.319000244140625,1
71.54500579833984,146.0,0.926369172997235,42.88600158691406,1
2.0299999713897705,1149.0,12.844752985857903,17.702999114990234,0
26.47499656677246,2758.0,26.387393427090977,25.836000442504883,1
1.559999942779541,68.0,4.154096764309844,35.185001373291016,1
85.07999420166016,158.0,16.672500924387776,41.01499938964844,1
1.59499990940094,49.0,4.233756982668608,33.32699966430664,0
13.460000038146973,62.0,1.388921568190823,33.99399948120117,1
2.095000028610229,845.0,8.80834933826001,35.82699966430664,0
35.2349967956543,1525.0,37.35514278400911,39.198001861572266,1
30.58499526977539,137.0,15.471112076163267,35.97200012207031,1
9.045000076293944,264.0,19.51816573573522,34.27899932861328,1
17.28999900817871,961.0,7.633999798387097,34.40299987792969,0
15.565000534057615,74.0,15.288279133132818,35.6150016784668,1
83.22998809814453,6.0,3.143574392991926,37.38899993896485,0
0.0449999943375587,464.0,2.211423176423452,30.299999237060547,0
170.47999572753906,60.0,2.260732414259265,40.165000915527344,1
6.734999656677246,1530.0,12.46880569721071,38.2509994506836,1
21.10000228881836,36.0,1.0293482335292006,33.28499984741211,0
6.6150007247924805,1251.0,3.700645055238003,38.7400016784668,1
23.739999771118164,41.0,5.900698486822301,31.763999938964844,1
9.395000457763672,264.0,26.25407499537205,44.29399871826172,1
5.869999885559082,4957.0,25.821210370025568,25.584999084472656,0
17.619998931884766,105.0,10.085476299962467,35.0260009765625,1
3.5699996948242188,1726.0,13.629654547724757,40.71500015258789,1
69.02000427246094,1077.0,13.95022570481308,44.81700134277344,1
0.0199999995529651,113.0,3.417934391860796,36.880001068115234,0
11.420001029968262,588.0,9.700569437024638,26.46500015258789,1
31.39999389648437,2445.0,16.22379805682199,41.24300003051758,0
22.27499961853028,519.0,15.81679952401605,29.3799991607666,1
2.130000114440918,56.0,1.3879631529711307,30.73200035095215,0
16.18000030517578,1897.0,10.523133627119554,36.92699813842773,1
3.864999771118164,1833.0,25.70499440133583,41.709999084472656,1
3.274999618530273,899.0,8.395047652311604,38.31900024414063,1
0.0,17.0,2.9542449560881843,31.145999908447266,0
69.54999542236328,43.0,0.0,40.005001068115234,1
0.0,83.0,17.3079457888422,18.066999435424805,1
7.204999923706055,4405.0,4.590624681504854,24.77400016784668,0
0.0,5140.0,9.245284089062023,14.029999732971191,0
16.005001068115234,3165.0,38.00689623991378,25.06999969482422,1
26.05000305175781,141.0,1.394805840198147,31.20499992370605,0
12.045000076293944,9.0,2.1158143969517327,42.3380012512207,0
0.0,25.0,0.0,30.974000930786133,0
3.0999999046325684,1755.0,9.58752644399106,40.89400100708008,1
67.65499877929688,674.0,5.527812889706318,30.150999069213867,1
243.07000732421875,160.0,10.756185231515634,44.040000915527344,1
6.559998512268066,208.0,2.189842401231658,37.90399932861328,0
0.8700000047683716,254.0,2.7771727466475022,35.48099899291992,0
4.350000381469727,166.0,13.930371854686294,35.30899810791016,0
0.0,40.0,1.0337573410561414,34.59199905395508,0
3.2149996757507324,4290.0,27.3626743555154,28.388999938964844,0
2.804999828338623,804.0,15.868646633497285,39.13399887084961,1
0.0,4632.0,8.2878622599303,34.62699890136719,0
23.149995803833008,474.0,7.161187087203872,29.475000381469727,1
81.6050033569336,0.0,0.0,32.3120002746582,0
0.0,1247.0,0.0,30.62800025939941,0
52.40000915527344,642.0,31.568430941138818,38.59799957275391,1
9.40000057220459,1285.0,25.95439328643043,38.4900016784668,1
7.579998970031738,577.0,23.25770246880801,36.8129997253418,1
13.639999389648438,494.0,10.808228138432336,36.81800079345703,0
5.899999141693115,581.0,15.902528166148509,41.7239990234375,0
86.05997467041016,1307.0,40.39713922078188,43.29899978637695,1
5.710000038146973,15.0,3.437061433453336,32.04199981689453,0
31.76499557495117,7.0,1.3652486357667422,34.637001037597656,0
41.88999938964844,1044.0,18.14421799352956,38.5009994506836,1
0.1299999952316284,22.0,2.95888318863249,33.393001556396484,0
8.145000457763672,1373.0,20.935033326099376,41.9739990234375,1
3.2199997901916504,24.0,2.0460844320350664,20.128999710083008,0
7.445000648498535,1314.0,11.243730344787089,41.9739990234375,1
0.0,781.0,9.192075118283476,35.393001556396484,0
31.939998626708984,235.0,13.777425286985055,36.13199996948242,1
0.8799999952316284,777.0,3.8377078345156304,28.104999542236328,1
11.004999160766602,4.0,1.365784012210636,42.86600112915039,0
2.440000057220459,1562.0,40.77036050242681,41.65900039672852,1
9.739999771118164,1450.0,24.49385858982577,25.06100082397461,1
6.289999961853027,1647.0,19.878379391412818,30.38599967956543,0
5.439999580383301,4054.0,30.316394624804257,27.15999984741211,1
0.0,42.0,1.3878521111919373,30.632999420166016,1
17.524999618530273,1066.0,27.396267400283048,22.104999542236328,1
8.744999885559082,1395.0,24.37247781848961,38.65599822998047,1
13.819997787475586,1794.0,32.701568215238964,42.51599884033203,0
7.449999809265137,1543.0,14.483541678446482,43.13100051879883,0
1.0849997997283936,1887.0,28.079283573960826,32.948001861572266,0
11.640000343322754,1511.0,20.42254604983192,23.527999877929688,1
48.90998077392578,2919.0,25.13951813685814,36.97299957275391,0
0.0,141.0,1.0284802991163406,28.083999633789062,0
0.1000000089406967,0.0,0.0,27.554000854492188,0
18.66999626159668,1593.0,29.56631726951452,37.77999877929688,1
7.580000877380371,5131.0,39.108422357252415,34.30899810791016,0
0.0,5.0,0.926369172997235,17.386999130249023,0
19.64499855041504,3.0,4.405779039203638,43.887001037597656,0
41.44499969482422,1795.0,36.75443029684767,30.143999099731445,0
26.70499992370605,1564.0,20.14696635789964,41.64799880981445,0
2.1449999809265137,49.0,1.3853320397381608,32.72999954223633,0
1.059999942779541,4.0,2.202275854868013,42.36299896240234,0
0.0,5209.0,13.672418096299896,25.415000915527344,0
60.7449951171875,1504.0,9.40412013238775,36.31999969482422,1
37.6349983215332,1876.0,14.4918735990703,34.071998596191406,0
35.029998779296875,54.0,1.852254273911334,35.573001861572266,1
0.0599999986588954,1119.0,9.639401488237024,22.82999992370605,0
19.33999824523925,312.0,17.86684892489941,39.470001220703125,1
2.495000123977661,871.0,25.896232878736683,36.18899917602539,1
22.955001831054688,690.0,8.43238623760218,36.64400100708008,1
0.0,4651.0,6.939407958796708,27.5049991607666,0
6.849999904632568,6.0,2.2048515579492607,43.67499923706055,0
19.90500259399414,10.0,0.926369172997235,43.1259994506836,0
5.74500036239624,4528.0,25.592639379303844,25.68400001525879,0
4.779999256134033,5024.0,15.33859289770442,32.29999923706055,0
77.614990234375,317.0,13.589593958391731,38.025001525878906,1
1.619999885559082,72.0,2.200999243928988,33.02000045776367,0
1.5200002193450928,3179.0,6.0273065127676,37.4370002746582,0
0.7199999094009399,1339.0,11.959364186636996,36.244998931884766,1
1.9850001335144043,4576.0,33.84132485782921,25.13599967956543,0
8.734999656677246,1421.0,19.7755499273712,38.81999969482422,0
22.09999656677246,733.0,24.51559955702803,42.5369987487793,1
0.1899999976158142,4447.0,0.926369172997235,21.2450008392334,0
0.0599999986588954,376.0,8.299384788228984,10.02400016784668,0
0.0,527.0,2.765183798237977,21.18600082397461,0
21.46000099182129,284.0,10.501444158270422,37.31499862670898,1
0.0249999985098838,1002.0,23.248847186308105,39.87200164794922,1
2.414999961853028,227.0,2.250313985847645,26.90900039672852,0
9.4399995803833,313.0,21.52044496656461,39.77799987792969,0
0.2849999964237213,1442.0,4.9508487656938565,39.84099960327149,1
126.22000122070312,95.0,2.7771727466475022,36.619998931884766,1
10.035000801086426,544.0,28.976817364678165,33.92399978637695,1
0.1349999904632568,1252.0,14.120345327270517,30.49399948120117,0
5.455000400543213,2764.0,51.35662170101968,32.17100143432617,0
53.905006408691406,1704.0,30.86093898912052,39.055999755859375,1
13.635000228881836,4723.0,43.11474015955547,35.448001861572266,0
8.639999389648438,454.0,27.99553284384201,34.82400131225586,0
15.464999198913574,142.0,3.700645055238003,40.66999816894531,0
0.3350000083446502,34.0,2.9603416426663367,37.27899932861328,0
19.30499839782715,889.0,17.07308516773084,40.09099960327149,1
11.239999771118164,1214.0,0.9973587404327302,32.917999267578125,0
0.0,88.0,2.2793545475188526,33.29999923706055,1
0.324999988079071,3338.0,19.00265625531839,31.833999633789062,0
10.355000495910645,640.0,13.108321654365652,28.04400062561035,1
0.0099999997764825,61.0,8.894608374531636,16.409000396728516,1
165.65501403808594,273.0,4.622196164454146,40.20700073242188,1
9.769999504089355,253.0,1.852254273911334,37.3390007019043,0
0.7450000047683716,3877.0,38.40721280104504,24.67300033569336,0
5.71999979019165,4.0,2.1067676573213,35.32699966430664,0
55.160003662109375,190.0,9.238837475306015,35.165000915527344,1
62.02999877929688,1452.0,8.21793936850887,45.027000427246094,1
13.565000534057615,1197.0,10.04115756674824,26.75200080871582,0
0.0,4991.0,9.415914495686364,22.51000022888184,0
10.880000114440918,20.0,1.374795204419116,33.01300048828125,0
4.760000228881836,1022.0,36.10655674778545,41.36000061035156,1
35.29499816894531,1036.0,19.19356488093784,40.05899810791016,0
2.3499996662139893,568.0,22.113876912814764,27.448999404907227,1
18.090002059936523,571.0,4.157392549336936,29.57999992370605,0
13.929998397827148,237.0,6.172125181758627,41.99300003051758,1
6.674999713897705,3338.0,19.00265625531839,29.452999114990234,0
22.51999855041504,12.0,0.0,37.03499984741211,0
4.659999847412109,43.0,1.0337573410561414,34.2239990234375,0
7.424999713897705,3844.0,27.73889051989828,32.08700180053711,0
6.489999771118164,1328.0,24.119907126086968,41.87900161743164,1
0.0,4932.0,34.03546956398928,12.385000228881836,0
3.6550002098083496,68.0,0.0,41.29399871826172,0
2.424999952316284,4867.0,25.87746855577688,48.62699890136719,0
122.2800064086914,2442.0,17.488372713621818,34.426998138427734,1
28.224998474121094,735.0,37.974740545343984,39.38399887084961,1
0.0249999985098838,5.0,0.926369172997235,33.321998596191406,0
13.710000991821287,2347.0,23.453923349588067,37.0620002746582,0
12.204999923706056,36.0,0.926369172997235,33.35599899291992,0
6.619999885559082,1089.0,27.86746422818901,39.29600143432617,1
1.3649998903274536,1418.0,25.13266008173056,37.33300018310547,1
0.449999988079071,450.0,8.358790974273553,29.780000686645508,0
0.3949999809265136,5315.0,21.84699292998249,25.88999938964844,0
7.885000228881836,781.0,0.0,30.808000564575195,1
2.375,1881.0,13.421358292210256,32.604000091552734,0
45.124996185302734,99.0,11.840964063837156,29.09000015258789,0
7.980000972747803,177.0,2.21009361982116,36.28799819946289,0
2.554999828338623,3202.0,26.55179379661516,36.41999816894531,0
3.25,8.0,6.10154705703735,33.13800048828125,0
2.504999876022339,46.0,3.2234449914518444,32.803001403808594,0
2.7249999046325684,1393.0,14.27107053574802,36.922000885009766,1
62.93999481201172,105.0,2.1221680378641765,29.090999603271484,0
14.229999542236328,614.0,48.99498819683531,25.202999114990234,1
38.16499710083008,202.0,5.03856695539574,36.29999923706055,0
50.285003662109375,61.0,10.280713071431196,40.005001068115234,1
0.7350000143051147,1141.0,4.479758474096997,41.152000427246094,1
2.7400002479553223,2746.0,23.60412220046119,24.145000457763672,1
36.31999588012695,85.0,2.2728752644917947,34.09299850463867,0
3.2599997520446777,3523.0,13.824212020761683,29.03700065612793,1
3.1349997520446777,288.0,13.266819111186056,39.84700012207031,1
170.47999572753906,83.0,10.286118871948458,40.165000915527344,1
0.0,550.0,18.291036652436567,28.910999298095703,0
2.694999933242798,813.0,44.2276920510005,36.108001708984375,1
6.029999732971191,263.0,13.342372695937204,35.10300064086914,1
1.3450000286102295,661.0,12.984858642158148,38.435001373291016,1
0.3349999785423279,1758.0,16.805609358329185,25.655000686645508,0
0.0249999985098838,1386.0,9.350342558119696,38.48400115966797,1
23.36999893188477,84.0,8.895692965992287,35.43000030517578,1
42.5,804.0,2.767591398229724,40.11899948120117,1
13.26999855041504,5192.0,10.420583546850803,33.47800064086914,0
180.3050079345703,86.0,24.925661978622223,40.30199813842773,1
17.104997634887695,425.0,15.950601979690363,30.113000869750977,0
5.140000343322754,953.0,6.244180016359342,39.64500045776367,0
78.33999633789062,1256.0,14.80546141353928,42.39899826049805,1
5.169999599456787,4441.0,26.6226679449848,43.77799987792969,0
1.9100000858306885,165.0,2.232302570300324,38.77299880981445,0
1.579999923706055,796.0,3.452645272142349,33.05699920654297,0
16.780000686645508,153.0,3.1207434178512083,33.380001068115234,1
3.9700002670288086,5349.0,20.77265103747148,26.43199920654297,0
0.0,3409.0,24.767918687211672,24.62700080871582,0
13.81999969482422,21.0,6.153866544922511,42.35599899291992,0
0.0,4780.0,5.029127946312451,17.85700035095215,0
0.0,13.0,0.926369172997235,32.61199951171875,0
0.9149999618530272,5548.0,47.20992302915263,26.28199958801269,0
0.0399999991059303,5185.0,2.976414713871603,12.034000396728516,0
8.769999504089355,1779.0,24.17357170238777,41.494998931884766,1
16.639999389648438,1316.0,5.810843704896344,38.130001068115234,0
2.119999885559082,5022.0,2.139361622081451,29.98099899291992,0
75.5149917602539,796.0,17.946031415771497,43.650001525878906,1
9.095000267028809,56.0,1.852254273911334,35.85900115966797,1
9.744999885559082,30.0,1.0302207741262113,37.45700073242188,0
0.0,66.0,3.605859445504048,32.16699981689453,0
0.5349999666213989,81.0,12.910612429743768,35.275001525878906,1
0.5550000071525574,5493.0,26.23062568118862,20.575000762939453,0
79.65498352050781,236.0,17.151823509523624,34.18899917602539,1
10.27500057220459,1666.0,22.12231143013876,31.76099967956543,0
7.489999771118164,145.0,1.0259039644052512,36.15700149536133,0
11.05000114440918,766.0,26.622431337611896,40.58000183105469,0
54.63500213623047,1385.0,2.117093818638704,41.917999267578125,1
6.684999465942383,981.0,12.803323355556538,35.10300064086914,1
2.5349998474121094,878.0,23.442078859862512,34.70800018310547,0
11.445000648498535,159.0,9.07900265390921,37.803001403808594,0
21.14000129699707,107.0,8.517835654237123,36.150001525878906,1
1.404999852180481,23.0,6.054296458025016,37.70299911499024,0
1.875,9.0,2.7771727466475022,35.59400177001953,0
1.3049999475479126,548.0,15.481098543554817,39.71500015258789,0
0.9200000166893004,2412.0,26.864068197615136,30.21999931335449,1
48.74000549316406,1512.0,28.078196868142392,35.18199920654297,0
22.79999732971192,16.0,2.9585967766098547,34.7869987487793,0
172.64500427246094,650.0,12.87479779503459,30.256000518798828,0
7.989999771118164,68.0,0.0,42.89699935913086,0
0.25,4742.0,32.84507684153366,26.92399978637696,0
0.1899999976158142,92.0,3.246556734394911,33.95899963378906,0
44.21500778198242,1513.0,33.88948141819591,38.9119987487793,1
161.239990234375,69.0,2.7771727466475022,40.165000915527344,1
11.03499984741211,3601.0,22.24113016889097,29.371999740600582,1
5.00499963760376,1705.0,33.383313119189935,40.15599822998047,0
0.6749999523162842,2624.0,27.60616139709439,31.43400001525879,1
25.65500259399414,8.0,2.1150093284289144,33.64899826049805,0
35.71500015258789,296.0,1.041280595140532,40.82899856567383,1
0.7849999666213989,12.0,2.227984065096032,35.69300079345703,0
0.7649999856948853,5321.0,19.77147107963072,24.21299934387207,0
33.42499542236328,109.0,12.369538456311613,34.141998291015625,0
16.084999084472656,1862.0,28.525829141462467,31.350000381469727,1
10.734999656677246,1593.0,19.889689009930777,38.52999877929688,0
170.47999572753906,76.0,7.148839105606214,40.165000915527344,1
14.799999237060549,1117.0,12.84481091608579,41.74599838256836,0
0.0,4257.0,1.852254273911334,26.42799949645996,0
0.0,74.0,0.926369172997235,31.643999099731445,0
83.56999969482422,2046.0,21.43882891033021,29.957000732421875,0
55.719993591308594,1838.0,13.9074099893744,39.055999755859375,1
0.0,5568.0,11.33834925341532,31.78300094604492,0
1.4299999475479126,39.0,2.065061543649253,32.073001861572266,0
0.0,4454.0,38.78612055772946,13.184000015258787,0
16.564998626708984,1251.0,32.47374462015055,36.39899826049805,1
79.05500030517578,581.0,20.309247989722795,35.202999114990234,1
17.30499839782715,358.0,15.490792428909296,42.76499938964844,0
0.0099999997764825,490.0,5.4413629639176255,28.84199905395508,0
139.0399932861328,106.0,2.27541360631844,43.09099960327149,1
0.0299999993294477,3875.0,22.20561429697488,27.34000015258789,0
0.0,4235.0,29.21630527678548,17.34600067138672,0
17.344999313354492,1170.0,35.096136103539735,38.37099838256836,0
1.5900001525878906,883.0,14.246892585891938,16.174999237060547,1
3.865000247955322,1019.0,12.074502330273894,39.8849983215332,1
20.505001068115234,732.0,28.13851561288479,39.165000915527344,1
10.789999961853027,1354.0,23.36421636275217,39.28200149536133,1
73.52999114990234,407.0,7.160045497826495,44.10900115966797,1
50.86500549316406,5.0,1.0128429322088843,40.58100128173828,0
42.61000061035156,62.0,2.96212250130175,33.180999755859375,1
13.774999618530272,24.0,2.247228792528852,32.86800003051758,0
24.16499710083008,55.0,2.262996635354318,34.20199966430664,0
13.285001754760742,931.0,20.94185253514824,41.792999267578125,1
0.1349999904632568,4431.0,0.0,26.545000076293945,0
0.0,4384.0,53.62248039521882,31.701000213623047,0
47.244998931884766,12.0,2.7236992258779766,44.98099899291992,0
16.57000160217285,35.0,6.073801358299274,32.744998931884766,0
36.45999526977539,129.0,5.56896198426521,40.85499954223633,1
24.67000198364257,256.0,26.701404884610746,35.75400161743164,1
4.135000228881836,84.0,2.7771727466475022,42.29800033569336,0
51.29499816894531,1379.0,42.92624892146026,38.82699966430664,1
2.129999876022339,40.0,2.120851714237676,33.74700164794922,0
20.57000160217285,4924.0,3.1374124482619163,24.82699966430664,0
8.834999084472656,396.0,2.9593941376249964,37.1609992980957,1
5.614999294281006,1948.0,11.543842645525167,38.62699890136719,1
0.3199999928474426,1095.0,12.975482111654207,26.420000076293945,1
25.66500473022461,299.0,10.768510295209571,33.516998291015625,1
7.535000324249268,322.0,15.009117917432423,34.14500045776367,0
0.0,5242.0,38.41853129796986,28.05699920654297,0
4.255000114440918,953.0,42.26732210621416,29.86599922180176,1
19.55499839782715,1311.0,31.44272371697256,36.48699951171875,1
126.22000122070312,92.0,18.979049044864023,36.619998931884766,1
84.25,740.0,48.95219701632973,32.512001037597656,1
0.4049999713897705,980.0,39.35204569756175,32.73400115966797,1
0.0,286.0,9.707649981037308,27.58699989318848,1
1.5899999141693115,4524.0,2.971148854745909,26.698999404907227,0
1.2699999809265137,63.0,2.267896088302078,34.57699966430664,0
0.0,49.0,0.0,36.44300079345703,0
12.045000076293944,1435.0,19.35012885428996,41.94200134277344,1
55.719993591308594,1728.0,11.387211682153785,39.055999755859375,1
17.80500030517578,656.0,15.42307118570718,39.17399978637695,1
0.3349999785423279,26.0,1.852254273911334,28.920000076293945,0
14.479997634887695,2227.0,37.14504517250788,32.00699996948242,0
0.0,1.0,0.9994598252012308,32.53499984741211,0
19.40500259399414,1334.0,36.63368662586392,41.792999267578125,1
0.0049999998882412,5687.0,31.831320526906,24.20400047302246,0
13.079999923706056,28.0,3.2062223208127336,32.78400039672852,0
45.55499267578125,1107.0,30.203926293037487,30.665000915527344,1
21.53999900817871,19.0,0.0,33.60200119018555,0
0.875,75.0,2.7206247830838137,40.68999862670898,0
0.7049999833106995,853.0,0.926369172997235,40.35300064086914,1
20.505001068115234,1482.0,7.149705606575251,39.055999755859375,1
9.829998970031738,1447.0,18.41213576563324,36.6619987487793,1
0.1749999970197677,4044.0,19.96252169790284,14.41800022125244,0
0.0700000002980232,241.0,8.51521093243898,32.90599822998047,0
12.960000991821287,1706.0,16.573198327227505,41.59299850463867,0
1.7349998950958252,237.0,5.211314549796946,32.62200164794922,0
8.955000877380371,1486.0,23.74809153558515,29.40800094604492,1
23.19999885559082,145.0,16.68948805959749,37.22999954223633,1
33.355003356933594,262.0,6.457665776341533,40.07799911499024,0
12.25,1569.0,10.138358485391878,37.1609992980957,1
170.47999572753906,53.0,2.119791324560513,40.30199813842773,1
5.889999866485596,1155.0,24.48993370133901,31.729999542236328,1
41.88999938964844,1032.0,15.805360539732332,38.5009994506836,1
16.264999389648438,795.0,16.94082291092739,41.4379997253418,0
0.0,955.0,38.633262227535965,38.2599983215332,0
0.0,248.0,6.166308477023598,34.724998474121094,1
0.6899999976158142,1273.0,24.802602340897124,34.12799835205078,1
16.345001220703125,116.0,9.55378926516346,32.571998596191406,0
6.259999752044678,4680.0,40.97278057879355,32.749000549316406,0
3.289999961853028,4823.0,20.106579486908604,36.14400100708008,0
1.3949999809265137,3726.0,31.884503245451167,29.621000289916992,0
0.2849999964237213,346.0,13.156326372243775,31.059999465942383,0
170.47999572753906,145.0,5.55400861892472,40.30199813842773,1
10.06999969482422,5.0,2.952225503630113,35.86800003051758,0
2.6050000190734863,2412.0,41.455030753446806,28.104999542236328,0
9.625,1704.0,27.369455013928143,35.6870002746582,1
0.0,8.0,0.0,26.801000595092773,0
1.4149998426437378,285.0,7.121000758253199,38.67300033569336,0
1.3949999809265137,2119.0,16.813128021329533,26.94599914550781,1
0.0,1178.0,26.43785628196662,31.232999801635746,0
32.9849967956543,3.0,0.0,42.55199813842773,0
0.0,47.0,4.806912083386269,27.93899917602539,1
13.450000762939451,826.0,12.81474088364528,33.9630012512207,1
12.809999465942385,75.0,12.284413866136306,34.44300079345703,1
0.7799999713897705,11.0,1.3679577237801186,34.50600051879883,0
21.35999870300293,154.0,8.522096262869733,39.97600173950195,1
4.019999980926514,1175.0,33.37106500187469,42.492000579833984,1
9.690000534057615,3762.0,12.964867886244122,26.21500015258789,1
2.8349997997283936,212.0,12.827804171572923,29.0049991607666,0
0.0350000001490116,89.0,2.216818378307205,33.32899856567383,0
5.394999504089356,20.0,4.173888678353892,33.391998291015625,0
2.944999933242798,1711.0,14.964338094507506,39.46500015258789,1
11.854999542236328,811.0,6.133310012526581,35.96900177001953,1
10.1899995803833,4392.0,23.270195742800297,28.6299991607666,0
37.40499877929688,1649.0,20.17083508931048,41.803001403808594,1
110.1850128173828,198.0,0.0,40.49700164794922,0
2.1150002479553223,1502.0,15.083960818078218,39.04600143432617,1
0.0,4455.0,19.170465684430965,25.114999771118164,0
1.274999976158142,1152.0,30.949579012722413,37.23400115966797,1
4.46999979019165,11.0,1.3713163419042376,42.04800033569336,0
46.51499938964844,225.0,4.832634573500187,38.9370002746582,1
16.209999084472656,663.0,36.59719885359989,43.31999969482422,1
2.635000467300415,2179.0,38.95484828131659,41.277000427246094,0
0.0,151.0,3.5885571438036794,41.48799896240234,1
20.850000381469727,137.0,1.0310979379491647,34.79600143432617,0
27.04500198364257,575.0,20.504325237480952,32.0260009765625,1
1.5800001621246338,1814.0,20.62758173058563,38.33599853515625,1
37.53999328613281,986.0,23.342694612103696,37.297000885009766,1
12.26999855041504,1650.0,15.451697691723982,41.94200134277344,1
1.804999828338623,3841.0,24.69136096808278,29.69799995422364,0
37.53999328613281,931.0,14.76547201733368,37.297000885009766,1
