event_id,event_date,latitude,longitude,admin_division_name,rainfall24h,gpm_lat,gpm_lon,target,sample_type
NEG_20110719_0143,2011-07-19,23.850000000000012,91.44999694824219,NER_BACKGROUND,19.170000076293945,23.850000000000012,91.44999694824219,0,BACKGROUND_NO_RECORDED_LANDSLIDE
4403,2012-06-10 00:00:00,24.8142,93.5444,Manipur,20.634998321533203,24.85000000000001,93.5500030517578,1,RECORDED_LANDSLIDE
1775,2010-04-21 00:00:00,27.8965,96.1779,Arunāchal Pradesh,77.68499755859375,27.85000000000001,96.1500015258789,1,RECORDED_LANDSLIDE
NEG_20150802_0291,2015-08-02,21.450000000000006,90.3499984741211,NER_BACKGROUND,13.34000015258789,21.450000000000006,90.3499984741211,0,BACKGROUND_NO_RECORDED_LANDSLIDE
NEG_20150524_0257,2015-05-24,23.750000000000004,92.94999694824219,NER_BACKGROUND,21.714998245239258,23.750000000000004,92.94999694824219,0,BACKGROUND_NO_RECORDED_LANDSLIDE
NEG_20100729_0079,2010-07-29,27.55,90.05000305175781,NER_BACKGROUND,4.21999979019165,27.55,90.05000305175781,0,BACKGROUND_NO_RECORDED_LANDSLIDE
NEG_20131006_0226,2013-10-06,23.65000000000001,96.75,NER_BACKGROUND,0.02499999850988388,23.65000000000001,96.75,0,BACKGROUND_NO_RECORDED_LANDSLIDE
NEG_20150923_0319,2015-09-23,26.450000000000006,90.1500015258789,NER_BACKGROUND,10.835000991821289,26.450000000000006,90.1500015258789,0,BACKGROUND_NO_RECORDED_LANDSLIDE
NEG_20150801_0286,2015-08-01,28.15000000000001,91.55000305175781,NER_BACKGROUND,7.144999980926514,28.15000000000001,91.55000305175781,0,BACKGROUND_NO_RECORDED_LANDSLIDE
NEG_20100603_0061,2010-06-03,22.250000000000004,90.1500015258789,NER_BACKGROUND,17.25999641418457,22.250000000000004,90.1500015258789,0,BACKGROUND_NO_RECORDED_LANDSLIDE
9142,2016-06-14 00:00:00,26.3185,94.5247,Nagaland,6.754999160766602,26.35000000000001,94.5500030517578,1,RECORDED_LANDSLIDE
NEG_20090826_0043,2009-08-26,24.450000000000006,91.94999694824219,NER_BACKGROUND,24.470001220703125,24.450000000000006,91.94999694824219,0,BACKGROUND_NO_RECORDED_LANDSLIDE
NEG_20090830_0045,2009-08-30,25.750000000000004,93.3499984741211,NER_BACKGROUND,15.799997329711914,25.750000000000004,93.3499984741211,0,BACKGROUND_NO_RECORDED_LANDSLIDE
NEG_20101009_0119,2010-10-09,27.350000000000012,92.6500015258789,NER_BACKGROUND,0.0,27.350000000000012,92.6500015258789,0,BACKGROUND_NO_RECORDED_LANDSLIDE
3662,2011-06-28 00:00:00,25.03561729,94.0144205,Manipur,4.164999961853027,25.05,94.0500030517578,1,RECORDED_LANDSLIDE
7409,2015-08-02 00:00:00,25.72,94.6219,Nagaland,8.475000381469727,25.750000000000004,94.6500015258789,1,RECORDED_LANDSLIDE
3663,2011-06-28 00:00:00,25.6682,94.1099,Nāgāland,6.800000190734863,25.65000000000001,94.1500015258789,1,RECORDED_LANDSLIDE
2205,2010-08-06 00:00:00,23.7365,92.7146,Mizoram,0.6449999213218689,23.750000000000004,92.75,1,RECORDED_LANDSLIDE
2253,2010-08-15 00:00:00,25.31006064,94.48265093,Manipur,21.369997024536133,25.35000000000001,94.4499969482422,1,RECORDED_LANDSLIDE
9338,2016-05-18 00:00:00,24.4638,92.4943,Assam,43.470001220703125,24.450000000000006,92.4499969482422,1,RECORDED_LANDSLIDE
NEG_20100913_0101,2010-09-13,21.850000000000012,92.75,NER_BACKGROUND,18.235000610351562,21.850000000000012,92.75,0,BACKGROUND_NO_RECORDED_LANDSLIDE
NEG_20120610_0165,2012-06-10,21.750000000000004,92.94999694824219,NER_BACKGROUND,2.119999885559082,21.750000000000004,92.94999694824219,0,BACKGROUND_NO_RECORDED_LANDSLIDE
NEG_20100421_0055,2010-04-21,24.450000000000006,96.3499984741211,NER_BACKGROUND,0.09000000357627869,24.450000000000006,96.3499984741211,0,BACKGROUND_NO_RECORDED_LANDSLIDE
4858,2013-05-11 00:00:00,26.1662,91.7138,Assam,23.36999893188477,26.15000000000001,91.75,1,RECORDED_LANDSLIDE
NEG_20100706_0070,2010-07-06,21.950000000000006,89.05000305175781,NER_BACKGROUND,1.8599998950958252,21.950000000000006,89.05000305175781,0,BACKGROUND_NO_RECORDED_LANDSLIDE
7267,2015-07-22 00:00:00,25.3908,94.0926,Manipur,8.40999984741211,25.35000000000001,94.0500030517578,1,RECORDED_LANDSLIDE
2164,2010-07-29 00:00:00,25.3098633,94.48214677,Manipur,22.295000076293945,25.35000000000001,94.4499969482422,1,RECORDED_LANDSLIDE
NEG_20150811_0294,2015-08-11,23.950000000000006,90.1500015258789,NER_BACKGROUND,1.8349997997283936,23.950000000000006,90.1500015258789,0,BACKGROUND_NO_RECORDED_LANDSLIDE
NEG_20150822_0306,2015-08-22,25.750000000000004,96.55000305175781,NER_BACKGROUND,5.439999580383301,25.750000000000004,96.55000305175781,0,BACKGROUND_NO_RECORDED_LANDSLIDE
NEG_20150819_0301,2015-08-19,22.65000000000001,90.05000305175781,NER_BACKGROUND,16.104999542236328,22.65000000000001,90.05000305175781,0,BACKGROUND_NO_RECORDED_LANDSLIDE
8996,2016-07-14 00:00:00,26.1768,91.7702,Assam,10.789999961853027,26.15000000000001,91.75,1,RECORDED_LANDSLIDE
NEG_20120919_0177,2012-09-19,29.15000000000001,92.44999694824219,NER_BACKGROUND,0.35499998927116394,29.15000000000001,92.44999694824219,0,BACKGROUND_NO_RECORDED_LANDSLIDE
3741,2011-07-07 00:00:00,25.4191,94.1079,Nāgāland,0.0,25.450000000000006,94.1500015258789,1,RECORDED_LANDSLIDE
2043,2010-07-06 00:00:00,26.7225,95.0281,Nāgāland,1.4900000095367432,26.750000000000004,95.0500030517578,1,RECORDED_LANDSLIDE
8012,2015-09-06 00:00:00,25.9703,91.8584,Meghalaya,0.3999999761581421,25.950000000000006,91.8499984741211,1,RECORDED_LANDSLIDE
NEG_20150801_0289,2015-08-01,28.350000000000012,94.44999694824219,NER_BACKGROUND,11.305000305175781,28.350000000000012,94.44999694824219,0,BACKGROUND_NO_RECORDED_LANDSLIDE
2576,2010-10-09 00:00:00,25.4788,94.1399,Nāgāland,0.0649999976158142,25.450000000000006,94.1500015258789,1,RECORDED_LANDSLIDE
NEG_20090820_0040,2009-08-20,27.450000000000006,96.55000305175781,NER_BACKGROUND,16.229999542236328,27.450000000000006,96.55000305175781,0,BACKGROUND_NO_RECORDED_LANDSLIDE
NEG_20150616_0261,2015-06-16,23.450000000000006,89.94999694824219,NER_BACKGROUND,20.029998779296875,23.450000000000006,89.94999694824219,0,BACKGROUND_NO_RECORDED_LANDSLIDE
NEG_20110531_0129,2011-05-31,27.850000000000012,96.55000305175781,NER_BACKGROUND,16.494998931884766,27.850000000000012,96.55000305175781,0,BACKGROUND_NO_RECORDED_LANDSLIDE
6285,2014-09-22 00:00:00,26.159,91.8178,Assam,161.239990234375,26.15000000000001,91.8499984741211,1,RECORDED_LANDSLIDE
NEG_20100721_0076,2010-07-21,23.750000000000004,90.44999694824219,NER_BACKGROUND,5.22499942779541,23.750000000000004,90.44999694824219,0,BACKGROUND_NO_RECORDED_LANDSLIDE
NEG_20081029_0038,2008-10-29,28.250000000000004,91.55000305175781,NER_BACKGROUND,5.355000019073486,28.250000000000004,91.55000305175781,0,BACKGROUND_NO_RECORDED_LANDSLIDE
NEG_20150826_0307,2015-08-26,29.850000000000012,89.6500015258789,NER_BACKGROUND,0.9699999690055847,29.850000000000012,89.6500015258789,0,BACKGROUND_NO_RECORDED_LANDSLIDE
2166,2010-07-29 00:00:00,24.9786,93.5027,Assam,19.49999618530273,24.950000000000006,93.5500030517578,1,RECORDED_LANDSLIDE
NEG_20100731_0081,2010-07-31,28.65000000000001,93.6500015258789,NER_BACKGROUND,1.869999885559082,28.65000000000001,93.6500015258789,0,BACKGROUND_NO_RECORDED_LANDSLIDE
5107,2013-07-15 00:00:00,25.6269,94.1139,Nāgāland,3.014999866485596,25.65000000000001,94.1500015258789,1,RECORDED_LANDSLIDE
9168,2016-06-12 00:00:00,27.6438,93.871,Arunachal Pradesh,99.6999969482422,27.65000000000001,93.8499984741211,1,RECORDED_LANDSLIDE
NEG_20140626_0230,2014-06-26,23.850000000000012,92.1500015258789,NER_BACKGROUND,18.485000610351562,23.850000000000012,92.1500015258789,0,BACKGROUND_NO_RECORDED_LANDSLIDE
NEG_20150819_0302,2015-08-19,21.15000000000001,90.94999694824219,NER_BACKGROUND,9.304999351501465,21.15000000000001,90.94999694824219,0,BACKGROUND_NO_RECORDED_LANDSLIDE
NEG_20120625_0172,2012-06-25,27.850000000000012,97.1500015258789,NER_BACKGROUND,38.71500015258789,27.850000000000012,97.1500015258789,0,BACKGROUND_NO_RECORDED_LANDSLIDE
NEG_20140923_0248,2014-09-23,24.450000000000006,96.75,NER_BACKGROUND,12.729999542236328,24.450000000000006,96.75,0,BACKGROUND_NO_RECORDED_LANDSLIDE
NEG_20130512_0187,2013-05-12,26.950000000000006,97.1500015258789,NER_BACKGROUND,4.569999694824219,26.950000000000006,97.1500015258789,0,BACKGROUND_NO_RECORDED_LANDSLIDE
NEG_20130717_0198,2013-07-17,22.65000000000001,93.44999694824219,NER_BACKGROUND,0.9749999642372131,22.65000000000001,93.44999694824219,0,BACKGROUND_NO_RECORDED_LANDSLIDE
NEG_20130608_0191,2013-06-08,21.350000000000012,97.3499984741211,NER_BACKGROUND,2.679999828338623,21.350000000000012,97.3499984741211,0,BACKGROUND_NO_RECORDED_LANDSLIDE
NEG_20140628_0234,2014-06-28,27.350000000000012,92.3499984741211,NER_BACKGROUND,2.9049997329711914,27.350000000000012,92.3499984741211,0,BACKGROUND_NO_RECORDED_LANDSLIDE
NEG_20120603_0163,2012-06-03,27.850000000000012,91.25,NER_BACKGROUND,8.834999084472656,27.850000000000012,91.25,0,BACKGROUND_NO_RECORDED_LANDSLIDE
5441,2013-09-02 00:00:00,28.611,94.9829,Arunāchal Pradesh,64.85000610351562,28.65000000000001,94.9499969482422,1,RECORDED_LANDSLIDE
4377,2012-06-02 00:00:00,26.1475,91.7356,Assam,2.289999961853028,26.15000000000001,91.75,1,RECORDED_LANDSLIDE
215,2007-08-28 00:00:00,25.7428,93.9136,Nāgāland,7.019999504089356,25.750000000000004,93.9499969482422,1,RECORDED_LANDSLIDE
1986,2010-06-15 00:00:00,26.3335,94.5512,Nāgāland,30.499998092651367,26.35000000000001,94.5500030517578,1,RECORDED_LANDSLIDE
NEG_20070716_0002,2007-07-16,28.350000000000012,94.3499984741211,NER_BACKGROUND,8.585000991821289,28.350000000000012,94.3499984741211,0,BACKGROUND_NO_RECORDED_LANDSLIDE
6107,2014-06-26 00:00:00,26.1844,91.7896,Assam,42.61000061035156,26.15000000000001,91.75,1,RECORDED_LANDSLIDE
NEG_20070911_0019,2007-09-11,29.850000000000012,89.1500015258789,NER_BACKGROUND,2.5299999713897705,29.850000000000012,89.1500015258789,0,BACKGROUND_NO_RECORDED_LANDSLIDE
6969,2015-06-16 00:00:00,25.5114,90.215,Meghalaya,30.834999084472656,25.55,90.25,1,RECORDED_LANDSLIDE
2539,2010-10-03 00:00:00,28.3092,95.4149,Arunāchal Pradesh,0.1949999928474426,28.35000000000001,95.4499969482422,1,RECORDED_LANDSLIDE
NEG_20130804_0208,2013-08-04,30.350000000000012,97.75,NER_BACKGROUND,0.0,30.350000000000012,97.75,0,BACKGROUND_NO_RECORDED_LANDSLIDE
714,2008-08-14 00:00:00,27.163,94.0,Assam,21.26500129699707,27.15000000000001,93.9499969482422,1,RECORDED_LANDSLIDE
NEG_20160719_0339,2016-07-19,30.15000000000001,96.44999694824219,NER_BACKGROUND,1.7649998664855957,30.15000000000001,96.44999694824219,0,BACKGROUND_NO_RECORDED_LANDSLIDE
5273,2013-08-04 00:00:00,26.1807,94.5497,Nāgāland,45.6400032043457,26.15000000000001,94.5500030517578,1,RECORDED_LANDSLIDE
NEG_20160805_0348,2016-08-05,29.05,93.3499984741211,NER_BACKGROUND,2.445000171661377,29.05,93.3499984741211,0,BACKGROUND_NO_RECORDED_LANDSLIDE
NEG_20130804_0201,2013-08-04,26.65000000000001,93.05000305175781,NER_BACKGROUND,0.0,26.65000000000001,93.05000305175781,0,BACKGROUND_NO_RECORDED_LANDSLIDE
3837,2011-07-24 00:00:00,26.5836,93.0038,Assam,7.304999828338623,26.55,93.0500030517578,1,RECORDED_LANDSLIDE
NEG_20100815_0087,2010-08-15,23.65000000000001,89.94999694824219,NER_BACKGROUND,2.8500001430511475,23.65000000000001,89.94999694824219,0,BACKGROUND_NO_RECORDED_LANDSLIDE
1776,2010-04-21 00:00:00,25.3612,92.2845,Meghālaya,47.614994049072266,25.35000000000001,92.25,1,RECORDED_LANDSLIDE
NEG_20120614_0168,2012-06-14,22.250000000000004,88.55000305175781,NER_BACKGROUND,0.0949999988079071,22.250000000000004,88.55000305175781,0,BACKGROUND_NO_RECORDED_LANDSLIDE
NEG_20130712_0195,2013-07-12,27.250000000000004,97.1500015258789,NER_BACKGROUND,8.409998893737793,27.250000000000004,97.1500015258789,0,BACKGROUND_NO_RECORDED_LANDSLIDE
5300,2013-08-09 00:00:00,25.318,94.0441,Nāgāland,6.549999237060547,25.35000000000001,94.0500030517578,1,RECORDED_LANDSLIDE
2140,2010-07-25 00:00:00,25.0477,92.801,Assam,15.38499927520752,25.05,92.8499984741211,1,RECORDED_LANDSLIDE
130,2007-07-19 00:00:00,26.1699,91.7986,Assam,23.09999656677246,26.15000000000001,91.75,1,RECORDED_LANDSLIDE
6143,2014-07-14 00:00:00,23.7327,92.7463,Mizoram,10.794999122619627,23.750000000000004,92.75,1,RECORDED_LANDSLIDE
NEG_20070719_0003,2007-07-19,27.250000000000004,91.55000305175781,NER_BACKGROUND,30.605003356933594,27.250000000000004,91.55000305175781,0,BACKGROUND_NO_RECORDED_LANDSLIDE
NEG_20140626_0232,2014-06-26,22.350000000000012,89.8499984741211,NER_BACKGROUND,8.795000076293945,22.350000000000012,89.8499984741211,0,BACKGROUND_NO_RECORDED_LANDSLIDE
NEG_20160728_0347,2016-07-28,25.05,96.94999694824219,NER_BACKGROUND,0.004999999888241291,25.05,96.94999694824219,0,BACKGROUND_NO_RECORDED_LANDSLIDE
8222,2016-06-22 00:00:00,26.1961,91.7825,Assam,8.734999656677246,26.15000000000001,91.75,1,RECORDED_LANDSLIDE
3881,2011-08-05 00:00:00,27.1034,93.6885,Arunāchal Pradesh,51.76000213623047,27.15000000000001,93.6500015258789,1,RECORDED_LANDSLIDE
2573,2010-10-09 00:00:00,25.1796,93.0083,Assam,0.1449999958276748,25.15000000000001,93.0500030517578,1,RECORDED_LANDSLIDE
7589,2015-08-19 00:00:00,25.2568,92.3825,Meghalaya,219.6800079345703,25.250000000000004,92.3499984741211,1,RECORDED_LANDSLIDE
5427,2013-08-15 00:00:00,25.3833,94.1884,Nāgāland,6.824999809265137,25.35000000000001,94.1500015258789,1,RECORDED_LANDSLIDE
NEG_20150811_0293,2015-08-11,23.65000000000001,92.05000305175781,NER_BACKGROUND,16.274999618530273,23.65000000000001,92.05000305175781,0,BACKGROUND_NO_RECORDED_LANDSLIDE
2405,2010-09-09 00:00:00,28.3036,95.4112,Arunāchal Pradesh,27.924997329711918,28.35000000000001,95.4499969482422,1,RECORDED_LANDSLIDE
NEG_20150801_0278,2015-08-01,24.55,95.44999694824219,NER_BACKGROUND,4.864999771118164,24.55,95.44999694824219,0,BACKGROUND_NO_RECORDED_LANDSLIDE
7389,2015-08-01 00:00:00,24.4072,94.0644,Manipur,8.145000457763672,24.450000000000006,94.0500030517578,1,RECORDED_LANDSLIDE
2281,2010-08-19 00:00:00,25.61560252,94.11603493,Nāgāland,16.639999389648438,25.65000000000001,94.1500015258789,1,RECORDED_LANDSLIDE
3738,2011-07-06 00:00:00,24.8063,93.9482,Manipur,3.904999732971192,24.85000000000001,93.9499969482422,1,RECORDED_LANDSLIDE
NEG_20110716_0140,2011-07-16,22.55,95.05000305175781,NER_BACKGROUND,7.739998817443848,22.55,95.05000305175781,0,BACKGROUND_NO_RECORDED_LANDSLIDE
1934,2010-06-03 00:00:00,24.6005,92.3814,Assam,36.665000915527344,24.65000000000001,92.3499984741211,1,RECORDED_LANDSLIDE
3983,2011-09-23 00:00:00,26.1548,91.7351,Assam,20.71500015258789,26.15000000000001,91.75,1,RECORDED_LANDSLIDE
692,2008-08-07 00:00:00,25.705,94.04,Nāgāland,8.919999122619629,25.750000000000004,94.0500030517578,1,RECORDED_LANDSLIDE
2045,2010-07-06 00:00:00,26.2363,94.8133,Nāgāland,3.989999771118164,26.250000000000004,94.8499984741211,1,RECORDED_LANDSLIDE
4552,2012-09-14 00:00:00,27.0377,88.3603,Sikkim,13.885000228881836,27.05,88.3499984741211,1,RECORDED_LANDSLIDE
NEG_20130907_0222,2013-09-07,25.950000000000006,90.05000305175781,NER_BACKGROUND,0.4699999690055847,25.950000000000006,90.05000305175781,0,BACKGROUND_NO_RECORDED_LANDSLIDE
1129,2009-08-30 00:00:00,24.8628,94.4182,Manipur,2.509999990463257,24.85000000000001,94.4499969482422,1,RECORDED_LANDSLIDE
9251,2016-07-28 00:00:00,25.8702,94.7844,Nagaland,17.84999656677246,25.85000000000001,94.75,1,RECORDED_LANDSLIDE
2044,2010-07-06 00:00:00,25.8877,94.7861,Nāgāland,2.9749999046325684,25.85000000000001,94.75,1,RECORDED_LANDSLIDE
7372,2015-07-31 00:00:00,25.0634,94.3415,Manipur,56.275001525878906,25.05,94.3499984741211,1,RECORDED_LANDSLIDE
7664,2015-08-11 00:00:00,24.7459,93.4251,Manipur,1.2599999904632568,24.750000000000004,93.4499969482422,1,RECORDED_LANDSLIDE
5312,2013-08-11 00:00:00,26.7103,94.693,Assam,98.27001953125,26.750000000000004,94.6500015258789,1,RECORDED_LANDSLIDE
NEG_20100607_0062,2010-06-07,24.15000000000001,90.05000305175781,NER_BACKGROUND,12.505001068115234,24.15000000000001,90.05000305175781,0,BACKGROUND_NO_RECORDED_LANDSLIDE
9405,2016-04-19 00:00:00,26.7223,95.0243,Nagaland,23.02499771118164,26.750000000000004,95.0500030517578,1,RECORDED_LANDSLIDE
NEG_20110725_0147,2011-07-25,21.850000000000012,90.8499984741211,NER_BACKGROUND,1.7099997997283936,21.850000000000012,90.8499984741211,0,BACKGROUND_NO_RECORDED_LANDSLIDE
5336,2013-08-16 00:00:00,26.3897,94.9439,Nāgāland,46.869998931884766,26.35000000000001,94.9499969482422,1,RECORDED_LANDSLIDE
7031,2015-05-24 00:00:00,27.6163,88.6586,Sikkim,0.8200000524520874,27.65000000000001,88.6500015258789,1,RECORDED_LANDSLIDE
NEG_20100827_0095,2010-08-27,22.05,95.05000305175781,NER_BACKGROUND,0.6049999594688416,22.05,95.05000305175781,0,BACKGROUND_NO_RECORDED_LANDSLIDE
1994,2010-06-16 00:00:00,25.0633,92.8025,Assam,28.32000160217285,25.05,92.8499984741211,1,RECORDED_LANDSLIDE
NEG_20090917_0046,2009-09-17,21.450000000000006,89.3499984741211,NER_BACKGROUND,0.0,21.450000000000006,89.3499984741211,0,BACKGROUND_NO_RECORDED_LANDSLIDE
1613,2010-04-02 00:00:00,27.8997,93.3497,Arunāchal Pradesh,3.2199997901916504,27.85000000000001,93.3499984741211,1,RECORDED_LANDSLIDE
NEG_20160701_0331,2016-07-01,21.250000000000004,91.44999694824219,NER_BACKGROUND,28.68499755859375,21.250000000000004,91.44999694824219,0,BACKGROUND_NO_RECORDED_LANDSLIDE
3672,2011-06-29 00:00:00,25.5125,93.3613,Assam,6.985000133514404,25.55,93.3499984741211,1,RECORDED_LANDSLIDE
1109,2009-08-20 00:00:00,25.5215,93.1645,Assam,14.96999740600586,25.55,93.1500015258789,1,RECORDED_LANDSLIDE
NEG_20100719_0074,2010-07-19,24.65000000000001,94.25,NER_BACKGROUND,9.715001106262207,24.65000000000001,94.25,0,BACKGROUND_NO_RECORDED_LANDSLIDE
5250,2013-08-01 00:00:00,27.8837,93.0515,Arunachal Pradesh,17.52500343322754,27.85000000000001,93.0500030517578,1,RECORDED_LANDSLIDE
148,2007-07-30 00:00:00,22.479,92.967,Mizoram,3.5199999809265137,22.450000000000006,92.9499969482422,1,RECORDED_LANDSLIDE
2421,2010-09-13 00:00:00,23.75406693,92.74128531,Mizoram,37.53999328613281,23.750000000000004,92.75,1,RECORDED_LANDSLIDE
8901,2016-07-10 00:00:00,25.7902,94.1318,Nagaland,1.5299999713897705,25.750000000000004,94.1500015258789,1,RECORDED_LANDSLIDE
6015,2014-05-08 00:00:00,27.9032,96.174,Arunachal Pradesh,63.01500701904297,27.950000000000006,96.1500015258789,1,RECORDED_LANDSLIDE
7706,2015-08-19 00:00:00,25.0728,92.3636,Meghalaya,193.300048828125,25.05,92.3499984741211,1,RECORDED_LANDSLIDE
NEG_20110923_0156,2011-09-23,25.350000000000012,90.3499984741211,NER_BACKGROUND,26.639995574951172,25.350000000000012,90.3499984741211,0,BACKGROUND_NO_RECORDED_LANDSLIDE
NEG_20140626_0231,2014-06-26,26.15000000000001,90.3499984741211,NER_BACKGROUND,16.360002517700195,26.15000000000001,90.3499984741211,0,BACKGROUND_NO_RECORDED_LANDSLIDE
NEG_20080807_0031,2008-08-07,29.15000000000001,94.05000305175781,NER_BACKGROUND,0.574999988079071,29.15000000000001,94.05000305175781,0,BACKGROUND_NO_RECORDED_LANDSLIDE
NEG_20130809_0209,2013-08-09,28.450000000000006,92.6500015258789,NER_BACKGROUND,0.3049999475479126,28.450000000000006,92.6500015258789,0,BACKGROUND_NO_RECORDED_LANDSLIDE
NEG_20110531_0128,2011-05-31,28.350000000000012,92.75,NER_BACKGROUND,2.4650001525878906,28.350000000000012,92.75,0,BACKGROUND_NO_RECORDED_LANDSLIDE
NEG_20150722_0267,2015-07-22,30.450000000000006,90.55000305175781,NER_BACKGROUND,0.0,30.450000000000006,90.55000305175781,0,BACKGROUND_NO_RECORDED_LANDSLIDE
1108,2009-08-20 00:00:00,24.9925,93.5,Assam,2.5400002002716064,24.950000000000006,93.4499969482422,1,RECORDED_LANDSLIDE
2437,2010-09-16 00:00:00,23.7527,92.694,Mizoram,44.2349967956543,23.750000000000004,92.6500015258789,1,RECORDED_LANDSLIDE
6222,2014-10-01 00:00:00,27.1249,93.7706,Arunachal Pradesh,0.0,27.15000000000001,93.75,1,RECORDED_LANDSLIDE
1857,2010-05-11 00:00:00,25.3433,92.2897,Meghālaya,27.58500289916992,25.35000000000001,92.25,1,RECORDED_LANDSLIDE
7933,2015-09-01 00:00:00,26.1868,91.6739,Assam,19.59000015258789,26.15000000000001,91.6500015258789,1,RECORDED_LANDSLIDE
NEG_20120613_0167,2012-06-13,25.250000000000004,93.1500015258789,NER_BACKGROUND,2.0799999237060547,25.250000000000004,93.1500015258789,0,BACKGROUND_NO_RECORDED_LANDSLIDE
322,2007-10-21 00:00:00,24.75,93.4333,Assam,0.0350000001490116,24.750000000000004,93.4499969482422,1,RECORDED_LANDSLIDE
5006,2013-07-01 00:00:00,26.1147,94.3864,Nāgāland,2.775000095367432,26.15000000000001,94.3499984741211,1,RECORDED_LANDSLIDE
4407,2012-06-13 00:00:00,25.0951,92.3567,Assam,27.439998626708984,25.05,92.3499984741211,1,RECORDED_LANDSLIDE
NEG_20130701_0193,2013-07-01,22.750000000000004,94.94999694824219,NER_BACKGROUND,0.14000000059604645,22.750000000000004,94.94999694824219,0,BACKGROUND_NO_RECORDED_LANDSLIDE
7374,2015-08-01 00:00:00,25.1122,94.3591,Manipur,3.014999866485596,25.15000000000001,94.3499984741211,1,RECORDED_LANDSLIDE
NEG_20070828_0011,2007-08-28,28.250000000000004,92.25,NER_BACKGROUND,6.529999732971191,28.250000000000004,92.25,0,BACKGROUND_NO_RECORDED_LANDSLIDE
2566,2010-10-08 00:00:00,25.4769,94.1351,Nāgāland,77.48999786376953,25.450000000000006,94.1500015258789,1,RECORDED_LANDSLIDE
2243,2010-08-13 00:00:00,25.70223725,94.04619681,Nāgāland,5.624999523162842,25.750000000000004,94.0500030517578,1,RECORDED_LANDSLIDE
1756,2010-04-17 00:00:00,27.322,88.6087,Sikkim,9.739999771118164,27.35000000000001,88.6500015258789,1,RECORDED_LANDSLIDE
NEG_20100814_0086,2010-08-14,28.450000000000006,90.75,NER_BACKGROUND,0.3799999952316284,28.450000000000006,90.75,0,BACKGROUND_NO_RECORDED_LANDSLIDE
NEG_20150906_0315,2015-09-06,28.05,91.3499984741211,NER_BACKGROUND,0.4300000071525574,28.05,91.3499984741211,0,BACKGROUND_NO_RECORDED_LANDSLIDE
NEG_20100913_0107,2010-09-13,26.450000000000006,90.75,NER_BACKGROUND,0.8899999856948853,26.450000000000006,90.75,0,BACKGROUND_NO_RECORDED_LANDSLIDE
NEG_20110621_0131,2011-06-21,27.850000000000012,90.55000305175781,NER_BACKGROUND,1.7699999809265137,27.850000000000012,90.55000305175781,0,BACKGROUND_NO_RECORDED_LANDSLIDE
6971,2015-06-09 00:00:00,27.0987,93.816,Arunachal Pradesh,19.899999618530277,27.05,93.8499984741211,1,RECORDED_LANDSLIDE
6292,2014-09-23 00:00:00,25.7238,89.9032,Assam,10.984999656677246,25.750000000000004,89.94999694824219,1,RECORDED_LANDSLIDE
NEG_20150801_0285,2015-08-01,24.65000000000001,91.55000305175781,NER_BACKGROUND,27.5049991607666,24.65000000000001,91.55000305175781,0,BACKGROUND_NO_RECORDED_LANDSLIDE
259,2007-09-11 00:00:00,25.52,91.27,Meghālaya,0.4650000035762787,25.55,91.25,1,RECORDED_LANDSLIDE
NEG_20120620_0169,2012-06-20,25.350000000000012,88.75,NER_BACKGROUND,1.1050000190734863,25.350000000000012,88.75,0,BACKGROUND_NO_RECORDED_LANDSLIDE
8995,2016-07-14 00:00:00,26.1963,91.8074,Assam,5.364999771118164,26.15000000000001,91.8499984741211,1,RECORDED_LANDSLIDE
NEG_20161015_0350,2016-10-15,22.05,90.94999694824219,NER_BACKGROUND,0.0,22.05,90.94999694824219,0,BACKGROUND_NO_RECORDED_LANDSLIDE
5575,2013-10-05 00:00:00,25.8266,94.1497,Nāgāland,37.68499755859375,25.85000000000001,94.1500015258789,1,RECORDED_LANDSLIDE
1954,2010-06-07 00:00:00,24.7543,93.5039,Manipur,54.02999496459961,24.750000000000004,93.5500030517578,1,RECORDED_LANDSLIDE
NEG_20110707_0137,2011-07-07,27.65000000000001,90.94999694824219,NER_BACKGROUND,2.490000009536743,27.65000000000001,90.94999694824219,0,BACKGROUND_NO_RECORDED_LANDSLIDE
NEG_20080814_0032,2008-08-14,28.850000000000012,95.05000305175781,NER_BACKGROUND,9.394998550415039,28.850000000000012,95.05000305175781,0,BACKGROUND_NO_RECORDED_LANDSLIDE
594,2008-06-19 00:00:00,24.9336,93.8275,Manipur,3.3499999046325684,24.950000000000006,93.8499984741211,1,RECORDED_LANDSLIDE
5421,2013-08-30 00:00:00,26.4205,94.9731,Nāgāland,0.3700000047683716,26.450000000000006,94.9499969482422,1,RECORDED_LANDSLIDE
NEG_20070908_0013,2007-09-08,28.450000000000006,95.8499984741211,NER_BACKGROUND,26.549999237060547,28.450000000000006,95.8499984741211,0,BACKGROUND_NO_RECORDED_LANDSLIDE
NEG_20070918_0021,2007-09-18,24.850000000000012,88.6500015258789,NER_BACKGROUND,14.6899995803833,24.850000000000012,88.6500015258789,0,BACKGROUND_NO_RECORDED_LANDSLIDE
8930,2016-07-11 00:00:00,26.1699,94.4922,Nagaland,22.94499969482422,26.15000000000001,94.4499969482422,1,RECORDED_LANDSLIDE
NEG_20110805_0149,2011-08-05,22.15000000000001,89.55000305175781,NER_BACKGROUND,20.780000686645508,22.15000000000001,89.55000305175781,0,BACKGROUND_NO_RECORDED_LANDSLIDE
NEG_20150801_0279,2015-08-01,30.05,89.25,NER_BACKGROUND,1.5099997520446777,30.05,89.25,0,BACKGROUND_NO_RECORDED_LANDSLIDE
NEG_20130627_0192,2013-06-27,22.65000000000001,97.6500015258789,NER_BACKGROUND,1.0449999570846558,22.65000000000001,97.6500015258789,0,BACKGROUND_NO_RECORDED_LANDSLIDE
NEG_20130804_0207,2013-08-04,23.850000000000012,90.05000305175781,NER_BACKGROUND,0.26999998092651367,23.850000000000012,90.05000305175781,0,BACKGROUND_NO_RECORDED_LANDSLIDE
4570,2012-09-19 00:00:00,27.8458,95.2253,Arunāchal Pradesh,8.819999694824219,27.85000000000001,95.25,1,RECORDED_LANDSLIDE
6513,2014-08-14 00:00:00,23.0137,91.7174,Tripura,75.77999877929688,23.05,91.75,1,RECORDED_LANDSLIDE
8900,2016-07-07 00:00:00,25.0118,94.3136,Manipur,1.8249998092651367,25.05,94.3499984741211,1,RECORDED_LANDSLIDE
NEG_20070910_0017,2007-09-10,25.250000000000004,96.3499984741211,NER_BACKGROUND,21.26999855041504,25.250000000000004,96.3499984741211,0,BACKGROUND_NO_RECORDED_LANDSLIDE
NEG_20120603_0161,2012-06-03,23.450000000000006,93.8499984741211,NER_BACKGROUND,4.470000267028809,23.450000000000006,93.8499984741211,0,BACKGROUND_NO_RECORDED_LANDSLIDE
5337,2013-08-16 00:00:00,26.4205,94.9731,Nāgāland,64.27999877929688,26.450000000000006,94.9499969482422,1,RECORDED_LANDSLIDE
7385,2015-08-01 00:00:00,24.004,93.9815,Manipur,7.609999656677246,24.05,93.9499969482422,1,RECORDED_LANDSLIDE
4848,2013-05-08 00:00:00,24.0896,91.4663,Tripura,62.99500274658203,24.05,91.4499969482422,1,RECORDED_LANDSLIDE
NEG_20150826_0308,2015-08-26,27.65000000000001,90.3499984741211,NER_BACKGROUND,6.274999618530273,27.65000000000001,90.3499984741211,0,BACKGROUND_NO_RECORDED_LANDSLIDE
4394,2012-06-07 00:00:00,27.1748,88.6458,Sikkim,5.529999732971191,27.15000000000001,88.6500015258789,1,RECORDED_LANDSLIDE
7910,2015-08-01 00:00:00,24.3481,94.1146,Manipur,4.87999963760376,24.35000000000001,94.1500015258789,1,RECORDED_LANDSLIDE
NEG_20150707_0265,2015-07-07,21.450000000000006,90.44999694824219,NER_BACKGROUND,48.15999984741211,21.450000000000006,90.44999694824219,0,BACKGROUND_NO_RECORDED_LANDSLIDE
NEG_20100821_0093,2010-08-21,23.350000000000012,90.05000305175781,NER_BACKGROUND,1.5400002002716064,23.350000000000012,90.05000305175781,0,BACKGROUND_NO_RECORDED_LANDSLIDE
9619,2016-10-15 00:00:00,27.1695,88.3664,Sikkim,0.0,27.15000000000001,88.3499984741211,1,RECORDED_LANDSLIDE
NEG_20070730_0007,2007-07-30,21.850000000000012,89.1500015258789,NER_BACKGROUND,2.690000057220459,21.850000000000012,89.1500015258789,0,BACKGROUND_NO_RECORDED_LANDSLIDE
NEG_20160622_0330,2016-06-22,25.750000000000004,89.75,NER_BACKGROUND,17.225000381469727,25.750000000000004,89.75,0,BACKGROUND_NO_RECORDED_LANDSLIDE
2423,2010-09-13 00:00:00,23.73504471,92.71060943,Mizoram,37.53999328613281,23.750000000000004,92.75,1,RECORDED_LANDSLIDE
2568,2010-10-08 00:00:00,24.7679,93.4108,Assam,96.27499389648438,24.750000000000004,93.4499969482422,1,RECORDED_LANDSLIDE
NEG_20150801_0280,2015-08-01,27.350000000000012,91.8499984741211,NER_BACKGROUND,7.9449992179870605,27.350000000000012,91.8499984741211,0,BACKGROUND_NO_RECORDED_LANDSLIDE
7699,2015-08-19 00:00:00,26.0214,94.5224,Nagaland,12.255001068115234,26.05,94.5500030517578,1,RECORDED_LANDSLIDE
7214,2015-07-15 00:00:00,27.36,93.0385,Arunachal Pradesh,30.259998321533203,27.35000000000001,93.0500030517578,1,RECORDED_LANDSLIDE
2304,2010-08-21 00:00:00,25.5718,94.1211,Nāgāland,7.179999351501465,25.55,94.1500015258789,1,RECORDED_LANDSLIDE
212,2007-08-26 00:00:00,25.5576,91.8506,Meghālaya,17.51500129699707,25.55,91.8499984741211,1,RECORDED_LANDSLIDE
2283,2010-08-19 00:00:00,24.8961,93.4957,Manipur,13.149999618530272,24.85000000000001,93.4499969482422,1,RECORDED_LANDSLIDE
NEG_20130507_0181,2013-05-07,27.850000000000012,92.8499984741211,NER_BACKGROUND,5.789999485015869,27.850000000000012,92.8499984741211,0,BACKGROUND_NO_RECORDED_LANDSLIDE
NEG_20130511_0184,2013-05-11,23.950000000000006,91.44999694824219,NER_BACKGROUND,2.6599998474121094,23.950000000000006,91.44999694824219,0,BACKGROUND_NO_RECORDED_LANDSLIDE
NEG_20130901_0217,2013-09-01,26.15000000000001,93.3499984741211,NER_BACKGROUND,1.959999918937683,26.15000000000001,93.3499984741211,0,BACKGROUND_NO_RECORDED_LANDSLIDE
NEG_20141001_0251,2014-10-01,28.65000000000001,96.75,NER_BACKGROUND,0.0,28.65000000000001,96.75,0,BACKGROUND_NO_RECORDED_LANDSLIDE
NEG_20160725_0343,2016-07-25,29.850000000000012,94.75,NER_BACKGROUND,1.1450001001358032,29.850000000000012,94.75,0,BACKGROUND_NO_RECORDED_LANDSLIDE
5338,2013-08-16 00:00:00,26.8727,94.9275,Assam,61.63499450683594,26.85000000000001,94.9499969482422,1,RECORDED_LANDSLIDE
3794,2011-07-17 00:00:00,26.99195749,88.42280921,Sikkim,16.205001831054688,26.950000000000006,88.44999694824219,1,RECORDED_LANDSLIDE
587,2008-06-15 00:00:00,27.2298,94.0989,Assam,3.09000015258789,27.250000000000004,94.0500030517578,1,RECORDED_LANDSLIDE
1127,2009-08-27 00:00:00,25.1718,93.123,Assam,3.4649996757507324,25.15000000000001,93.1500015258789,1,RECORDED_LANDSLIDE
1125,2009-08-26 00:00:00,27.3746,88.7648,Sikkim,5.550000190734863,27.35000000000001,88.75,1,RECORDED_LANDSLIDE
2098,2010-07-19 00:00:00,26.7215,95.0283,Nāgāland,23.855005264282227,26.750000000000004,95.0500030517578,1,RECORDED_LANDSLIDE
4411,2012-06-14 00:00:00,27.339,88.6065,Sikkim,7.049999713897705,27.35000000000001,88.6500015258789,1,RECORDED_LANDSLIDE
NEG_20150722_0270,2015-07-22,22.450000000000006,90.05000305175781,NER_BACKGROUND,30.98499870300293,22.450000000000006,90.05000305175781,0,BACKGROUND_NO_RECORDED_LANDSLIDE
NEG_20150619_0263,2015-06-19,29.850000000000012,97.75,NER_BACKGROUND,0.009999999776482582,29.850000000000012,97.75,0,BACKGROUND_NO_RECORDED_LANDSLIDE
1996,2010-06-17 00:00:00,26.4333,94.8833,Nāgāland,26.880002975463867,26.450000000000006,94.8499984741211,1,RECORDED_LANDSLIDE
220,2007-08-31 00:00:00,25.1333,93.9667,Manipur,2.515000343322754,25.15000000000001,93.9499969482422,1,RECORDED_LANDSLIDE
NEG_20130511_0186,2013-05-11,26.950000000000006,97.75,NER_BACKGROUND,0.08500000089406967,26.950000000000006,97.75,0,BACKGROUND_NO_RECORDED_LANDSLIDE
NEG_20130902_0220,2013-09-02,30.05,94.44999694824219,NER_BACKGROUND,14.704998016357422,30.05,94.44999694824219,0,BACKGROUND_NO_RECORDED_LANDSLIDE
4757,2013-02-18 00:00:00,28.1193,95.1645,Arunāchal Pradesh,8.180000305175781,28.15000000000001,95.1500015258789,1,RECORDED_LANDSLIDE
NEG_20160707_0333,2016-07-07,26.750000000000004,88.94999694824219,NER_BACKGROUND,1.7049999237060547,26.750000000000004,88.94999694824219,0,BACKGROUND_NO_RECORDED_LANDSLIDE
NEG_20070831_0012,2007-08-31,27.850000000000012,90.94999694824219,NER_BACKGROUND,0.0,27.850000000000012,90.94999694824219,0,BACKGROUND_NO_RECORDED_LANDSLIDE
6290,2014-09-23 00:00:00,25.5772,91.8666,Meghalaya,25.894996643066406,25.55,91.8499984741211,1,RECORDED_LANDSLIDE
7660,2015-08-12 00:00:00,25.6237,94.1136,Nagaland,4.460000038146973,25.65000000000001,94.1500015258789,1,RECORDED_LANDSLIDE
NEG_20100720_0075,2010-07-20,29.55,91.6500015258789,NER_BACKGROUND,7.430000305175781,29.55,91.6500015258789,0,BACKGROUND_NO_RECORDED_LANDSLIDE
4610,2012-11-11 00:00:00,23.7705,92.5217,Mizoram,0.0,23.750000000000004,92.5500030517578,1,RECORDED_LANDSLIDE
NEG_20140817_0237,2014-08-17,23.65000000000001,93.75,NER_BACKGROUND,2.049999952316284,23.65000000000001,93.75,0,BACKGROUND_NO_RECORDED_LANDSLIDE
NEG_20100910_0099,2010-09-10,21.750000000000004,92.8499984741211,NER_BACKGROUND,1.2149999141693115,21.750000000000004,92.8499984741211,0,BACKGROUND_NO_RECORDED_LANDSLIDE
2249,2010-08-14 00:00:00,26.0814,94.803,Nāgāland,40.619998931884766,26.05,94.8499984741211,1,RECORDED_LANDSLIDE
5429,2013-09-01 00:00:00,27.3425,88.2426,Sikkim,22.07000160217285,27.35000000000001,88.25,1,RECORDED_LANDSLIDE
NEG_20160719_0340,2016-07-19,21.05,94.05000305175781,NER_BACKGROUND,3.049999713897705,21.05,94.05000305175781,0,BACKGROUND_NO_RECORDED_LANDSLIDE
NEG_20110628_0133,2011-06-28,29.55,94.55000305175781,NER_BACKGROUND,2.5349998474121094,29.55,94.55000305175781,0,BACKGROUND_NO_RECORDED_LANDSLIDE
9186,2016-07-25 00:00:00,25.48,94.1383,Manipur,36.47499465942383,25.450000000000006,94.1500015258789,1,RECORDED_LANDSLIDE
NEG_20101008_0115,2010-10-08,21.55,92.44999694824219,NER_BACKGROUND,58.49999237060547,21.55,92.44999694824219,0,BACKGROUND_NO_RECORDED_LANDSLIDE
2163,2010-07-29 00:00:00,25.4196,94.1054,Nāgāland,26.924999237060547,25.450000000000006,94.1500015258789,1,RECORDED_LANDSLIDE
319,2007-10-19 00:00:00,25.4379,94.1162,Nāgāland,1.9049997329711916,25.450000000000006,94.1500015258789,1,RECORDED_LANDSLIDE
256,2007-09-10 00:00:00,27.3425,88.6236,Sikkim,8.464999198913574,27.35000000000001,88.6500015258789,1,RECORDED_LANDSLIDE
NEG_20130511_0183,2013-05-11,22.350000000000012,89.75,NER_BACKGROUND,0.0,22.350000000000012,89.75,0,BACKGROUND_NO_RECORDED_LANDSLIDE
NEG_20160714_0336,2016-07-14,27.850000000000012,96.75,NER_BACKGROUND,10.130000114440918,27.850000000000012,96.75,0,BACKGROUND_NO_RECORDED_LANDSLIDE
NEG_20110620_0130,2011-06-20,25.350000000000012,94.55000305175781,NER_BACKGROUND,1.559999942779541,25.350000000000012,94.55000305175781,0,BACKGROUND_NO_RECORDED_LANDSLIDE
NEG_20090827_0044,2009-08-27,25.450000000000006,93.94999694824219,NER_BACKGROUND,3.854999542236328,25.450000000000006,93.94999694824219,0,BACKGROUND_NO_RECORDED_LANDSLIDE
8366,2015-09-23 00:00:00,25.583,91.893,Meghalaya,145.75997924804688,25.55,91.8499984741211,1,RECORDED_LANDSLIDE
7666,2015-08-11 00:00:00,25.1019,93.3729,Manipur,2.6050000190734863,25.15000000000001,93.3499984741211,1,RECORDED_LANDSLIDE
3760,2011-07-11 00:00:00,25.6703,94.1095,Nāgāland,11.135001182556152,25.65000000000001,94.1500015258789,1,RECORDED_LANDSLIDE
NEG_20070730_0006,2007-07-30,29.15000000000001,94.44999694824219,NER_BACKGROUND,20.75499725341797,29.15000000000001,94.44999694824219,0,BACKGROUND_NO_RECORDED_LANDSLIDE
7972,2015-08-28 00:00:00,23.4495,92.8112,Mizoram,0.0,23.450000000000006,92.8499984741211,1,RECORDED_LANDSLIDE
755,2008-08-28 00:00:00,27.337,88.609,Sikkim,14.920000076293944,27.35000000000001,88.6500015258789,1,RECORDED_LANDSLIDE
6213,2014-09-24 00:00:00,25.8143,90.5763,Meghalaya,0.0,25.85000000000001,90.5500030517578,1,RECORDED_LANDSLIDE
6970,2015-06-16 00:00:00,25.5084,90.2191,Meghalaya,30.834999084472656,25.55,90.25,1,RECORDED_LANDSLIDE
211,2007-08-26 00:00:00,24.9667,93.55,Manipur,16.520000457763672,24.950000000000006,93.5500030517578,1,RECORDED_LANDSLIDE
313,2007-10-16 00:00:00,25.7055,94.0132,Nāgāland,22.920001983642575,25.750000000000004,94.0500030517578,1,RECORDED_LANDSLIDE
7780,2015-08-26 00:00:00,23.3572,92.7878,Mizoram,6.8600006103515625,23.35000000000001,92.75,1,RECORDED_LANDSLIDE
5476,2013-09-07 00:00:00,27.3736,88.7323,Sikkim,0.8899999856948853,27.35000000000001,88.75,1,RECORDED_LANDSLIDE
NEG_20100531_0059,2010-05-31,28.55,93.75,NER_BACKGROUND,9.985001564025879,28.55,93.75,0,BACKGROUND_NO_RECORDED_LANDSLIDE
NEG_20160714_0337,2016-07-14,21.950000000000006,97.94999694824219,NER_BACKGROUND,54.209999084472656,21.950000000000006,97.94999694824219,0,BACKGROUND_NO_RECORDED_LANDSLIDE
NEG_20150619_0262,2015-06-19,22.65000000000001,97.8499984741211,NER_BACKGROUND,0.675000011920929,22.65000000000001,97.8499984741211,0,BACKGROUND_NO_RECORDED_LANDSLIDE
2248,2010-08-14 00:00:00,26.222,94.9152,Nāgāland,43.22499465942383,26.250000000000004,94.9499969482422,1,RECORDED_LANDSLIDE
9087,2016-07-19 00:00:00,28.235,94.9612,Arunachal Pradesh,6.664999961853027,28.250000000000004,94.9499969482422,1,RECORDED_LANDSLIDE
6786,2015-02-19 00:00:00,24.6108,92.562,Assam,0.5749999284744263,24.65000000000001,92.5500030517578,1,RECORDED_LANDSLIDE
NEG_20140714_0235,2014-07-14,27.450000000000006,88.25,NER_BACKGROUND,13.769998550415039,27.450000000000006,88.25,0,BACKGROUND_NO_RECORDED_LANDSLIDE
7138,2015-07-07 00:00:00,27.0816,88.4397,Sikkim,27.16000366210937,27.05,88.44999694824219,1,RECORDED_LANDSLIDE
5270,2013-08-04 00:00:00,26.0481,94.4619,Nāgāland,51.73500061035156,26.05,94.4499969482422,1,RECORDED_LANDSLIDE
NEG_20100420_0054,2010-04-20,30.15000000000001,97.1500015258789,NER_BACKGROUND,1.5499999523162842,30.15000000000001,97.1500015258789,0,BACKGROUND_NO_RECORDED_LANDSLIDE
2344,2010-08-27 00:00:00,24.7505,93.4221,Assam,14.004997253417969,24.750000000000004,93.4499969482422,1,RECORDED_LANDSLIDE
NEG_20160419_0320,2016-04-19,21.750000000000004,94.44999694824219,NER_BACKGROUND,0.3199999928474426,21.750000000000004,94.44999694824219,0,BACKGROUND_NO_RECORDED_LANDSLIDE
NEG_20150724_0273,2015-07-24,22.05,97.6500015258789,NER_BACKGROUND,20.03499984741211,22.05,97.6500015258789,0,BACKGROUND_NO_RECORDED_LANDSLIDE
NEG_20080619_0030,2008-06-19,21.65000000000001,88.3499984741211,NER_BACKGROUND,24.764997482299805,21.65000000000001,88.3499984741211,0,BACKGROUND_NO_RECORDED_LANDSLIDE
4857,2013-05-11 00:00:00,23.7281,92.7175,Mizoram,1.3149999380111694,23.750000000000004,92.75,1,RECORDED_LANDSLIDE
NEG_20150819_0299,2015-08-19,29.850000000000012,96.55000305175781,NER_BACKGROUND,15.725000381469727,29.850000000000012,96.55000305175781,0,BACKGROUND_NO_RECORDED_LANDSLIDE
7335,2015-08-18 00:00:00,25.5145,90.2023,Meghalaya,51.93000411987305,25.55,90.25,1,RECORDED_LANDSLIDE
3932,2011-08-18 00:00:00,25.83,94.13,Nāgāland,3.679999828338623,25.85000000000001,94.1500015258789,1,RECORDED_LANDSLIDE
2113,2010-07-21 00:00:00,27.3773,88.559,Sikkim,7.809998512268066,27.35000000000001,88.55000305175781,1,RECORDED_LANDSLIDE
NEG_20100729_0078,2010-07-29,27.05,97.25,NER_BACKGROUND,17.165000915527344,27.05,97.25,0,BACKGROUND_NO_RECORDED_LANDSLIDE
2026,2010-06-28 00:00:00,25.4916,91.2698,Meghālaya,127.78498840332033,25.450000000000006,91.25,1,RECORDED_LANDSLIDE
NEG_20101008_0114,2010-10-08,21.350000000000012,90.3499984741211,NER_BACKGROUND,15.460000991821289,21.350000000000012,90.3499984741211,0,BACKGROUND_NO_RECORDED_LANDSLIDE
4906,2013-06-07 00:00:00,26.0977,94.7499,Nāgāland,9.625,26.05,94.75,1,RECORDED_LANDSLIDE
6200,2014-08-17 00:00:00,27.0869,93.6086,Arunachal Pradesh,4.009999752044678,27.05,93.6500015258789,1,RECORDED_LANDSLIDE
2282,2010-08-19 00:00:00,26.1984,94.8158,Nāgāland,46.56500244140625,26.15000000000001,94.8499984741211,1,RECORDED_LANDSLIDE
NEG_20140922_0243,2014-09-22,24.05,90.55000305175781,NER_BACKGROUND,28.93000030517578,24.05,90.55000305175781,0,BACKGROUND_NO_RECORDED_LANDSLIDE
2577,2010-10-09 00:00:00,25.5265,93.8673,Nāgāland,0.1199999973177909,25.55,93.8499984741211,1,RECORDED_LANDSLIDE
3525,2011-05-22 00:00:00,25.0672,93.4093,Assam,3.8249998092651367,25.05,93.4499969482422,1,RECORDED_LANDSLIDE
NEG_20131013_0227,2013-10-13,28.850000000000012,93.8499984741211,NER_BACKGROUND,1.5699999332427979,28.850000000000012,93.8499984741211,0,BACKGROUND_NO_RECORDED_LANDSLIDE
6291,2014-09-21 00:00:00,25.7354,90.3852,Meghalaya,242.04498291015625,25.750000000000004,90.3499984741211,1,RECORDED_LANDSLIDE
78,2007-05-23 00:00:00,27.3383,88.6069,Sikkim,0.0,27.35000000000001,88.6500015258789,1,RECORDED_LANDSLIDE
NEG_20160726_0344,2016-07-26,28.05,90.6500015258789,NER_BACKGROUND,21.07499885559082,28.05,90.6500015258789,0,BACKGROUND_NO_RECORDED_LANDSLIDE
7384,2015-08-01 00:00:00,23.9278,94.0906,Manipur,6.684999465942383,23.950000000000006,94.0500030517578,1,RECORDED_LANDSLIDE
NEG_20110628_0132,2011-06-28,22.55,89.75,NER_BACKGROUND,14.855001449584961,22.55,89.75,0,BACKGROUND_NO_RECORDED_LANDSLIDE
9252,2016-07-28 00:00:00,27.5748,91.8644,Arunachal Pradesh,9.02500057220459,27.55,91.8499984741211,1,RECORDED_LANDSLIDE
7369,2015-08-01 00:00:00,24.1988,94.1016,Manipur,4.019999980926514,24.15000000000001,94.1500015258789,1,RECORDED_LANDSLIDE
2575,2010-10-09 00:00:00,25.5242,92.9914,Assam,0.0,25.55,92.9499969482422,1,RECORDED_LANDSLIDE
6016,2014-05-09 00:00:00,24.8669,92.3576,Assam,144.3800048828125,24.85000000000001,92.3499984741211,1,RECORDED_LANDSLIDE
8684,2016-07-07 00:00:00,25.9611,91.3681,Assam,14.854999542236328,25.950000000000006,91.3499984741211,1,RECORDED_LANDSLIDE
9334,2016-05-18 00:00:00,24.5204,92.7264,Assam,69.54999542236328,24.55,92.75,1,RECORDED_LANDSLIDE
7364,2015-07-31 00:00:00,24.819,94.3551,Manipur,65.1449966430664,24.85000000000001,94.3499984741211,1,RECORDED_LANDSLIDE
NEG_20100904_0097,2010-09-04,29.15000000000001,91.05000305175781,NER_BACKGROUND,12.149999618530273,29.15000000000001,91.05000305175781,0,BACKGROUND_NO_RECORDED_LANDSLIDE
3831,2011-07-22 00:00:00,24.7992,93.948,Manipur,17.604999542236328,24.750000000000004,93.9499969482422,1,RECORDED_LANDSLIDE
NEG_20150801_0288,2015-08-01,24.15000000000001,96.44999694824219,NER_BACKGROUND,0.6349999308586121,24.15000000000001,96.44999694824219,0,BACKGROUND_NO_RECORDED_LANDSLIDE
NEG_20150722_0268,2015-07-22,30.250000000000004,88.94999694824219,NER_BACKGROUND,0.07000000029802322,30.250000000000004,88.94999694824219,0,BACKGROUND_NO_RECORDED_LANDSLIDE
NEG_20150801_0284,2015-08-01,21.05,92.94999694824219,NER_BACKGROUND,69.65999603271484,21.05,92.94999694824219,0,BACKGROUND_NO_RECORDED_LANDSLIDE
NEG_20120304_0157,2012-03-04,23.55,89.25,NER_BACKGROUND,0.0,23.55,89.25,0,BACKGROUND_NO_RECORDED_LANDSLIDE
7253,2015-07-22 00:00:00,24.7979,92.9974,Assam,6.760000228881836,24.750000000000004,92.9499969482422,1,RECORDED_LANDSLIDE
NEG_20101009_0120,2010-10-09,28.450000000000006,96.55000305175781,NER_BACKGROUND,3.4200000762939453,28.450000000000006,96.55000305175781,0,BACKGROUND_NO_RECORDED_LANDSLIDE
1222,2009-10-05 00:00:00,23.73478778,92.72124394,Mizoram,17.784996032714844,23.750000000000004,92.75,1,RECORDED_LANDSLIDE
6963,2015-06-19 00:00:00,23.7131,92.7362,Mizoram,7.494999885559082,23.750000000000004,92.75,1,RECORDED_LANDSLIDE
5087,2013-07-12 00:00:00,25.6269,94.1139,Nāgāland,18.66999626159668,25.65000000000001,94.1500015258789,1,RECORDED_LANDSLIDE
NEG_20161015_0351,2016-10-15,27.350000000000012,89.55000305175781,NER_BACKGROUND,0.0,27.350000000000012,89.55000305175781,0,BACKGROUND_NO_RECORDED_LANDSLIDE
NEG_20140814_0236,2014-08-14,22.15000000000001,90.3499984741211,NER_BACKGROUND,29.86499786376953,22.15000000000001,90.3499984741211,0,BACKGROUND_NO_RECORDED_LANDSLIDE
2436,2010-09-16 00:00:00,24.3069,93.125,Mizoram,8.175000190734863,24.35000000000001,93.1500015258789,1,RECORDED_LANDSLIDE
NEG_20101009_0117,2010-10-09,25.05,95.25,NER_BACKGROUND,0.014999999664723873,25.05,95.25,0,BACKGROUND_NO_RECORDED_LANDSLIDE
NEG_20120625_0173,2012-06-25,23.850000000000012,94.6500015258789,NER_BACKGROUND,16.545001983642578,23.850000000000012,94.6500015258789,0,BACKGROUND_NO_RECORDED_LANDSLIDE
9169,2016-06-12 00:00:00,26.1677,94.2442,Nagaland,4.279999732971191,26.15000000000001,94.25,1,RECORDED_LANDSLIDE
2424,2010-09-13 00:00:00,23.591,92.9296,Mizoram,25.044998168945312,23.55,92.9499969482422,1,RECORDED_LANDSLIDE
NEG_20070727_0005,2007-07-27,25.05,97.25,NER_BACKGROUND,20.695003509521484,25.05,97.25,0,BACKGROUND_NO_RECORDED_LANDSLIDE
NEG_20150801_0277,2015-08-01,23.450000000000006,92.6500015258789,NER_BACKGROUND,20.999998092651367,23.450000000000006,92.6500015258789,0,BACKGROUND_NO_RECORDED_LANDSLIDE
9051,2016-07-19 00:00:00,26.09748244,91.8744337,Meghalaya,8.464999198913574,26.05,91.8499984741211,1,RECORDED_LANDSLIDE
4798,2013-04-07 00:00:00,28.8254,96.1509,Arunachal Pradesh,0.044999998062849,28.85000000000001,96.1500015258789,1,RECORDED_LANDSLIDE
7727,2015-08-20 00:00:00,25.6263,94.1057,Nagaland,2.075000047683716,25.65000000000001,94.1500015258789,1,RECORDED_LANDSLIDE
NEG_20070726_0004,2007-07-26,25.15000000000001,94.1500015258789,NER_BACKGROUND,77.66999053955078,25.15000000000001,94.1500015258789,0,BACKGROUND_NO_RECORDED_LANDSLIDE
NEG_20160518_0324,2016-05-18,22.250000000000004,92.55000305175781,NER_BACKGROUND,30.699995040893555,22.250000000000004,92.55000305175781,0,BACKGROUND_NO_RECORDED_LANDSLIDE
3912,2011-08-12 00:00:00,27.44,92.2833,Arunāchal Pradesh,12.804998397827148,27.450000000000006,92.25,1,RECORDED_LANDSLIDE
3269,2011-03-22 00:00:00,28.0791,96.5242,Arunāchal Pradesh,44.17000198364258,28.05,96.5500030517578,1,RECORDED_LANDSLIDE
NEG_20130804_0204,2013-08-04,29.750000000000004,96.94999694824219,NER_BACKGROUND,9.010000228881836,29.750000000000004,96.94999694824219,0,BACKGROUND_NO_RECORDED_LANDSLIDE
NEG_20150609_0258,2015-06-09,26.850000000000012,97.1500015258789,NER_BACKGROUND,16.799997329711914,26.850000000000012,97.1500015258789,0,BACKGROUND_NO_RECORDED_LANDSLIDE
4860,2013-05-11 00:00:00,26.1016,91.6906,Assam,22.764997482299805,26.15000000000001,91.6500015258789,1,RECORDED_LANDSLIDE
NEG_20110524_0127,2011-05-24,21.850000000000012,93.1500015258789,NER_BACKGROUND,7.9800004959106445,21.850000000000012,93.1500015258789,0,BACKGROUND_NO_RECORDED_LANDSLIDE
NEG_20100401_0049,2010-04-01,28.05,95.44999694824219,NER_BACKGROUND,7.424999713897705,28.05,95.44999694824219,0,BACKGROUND_NO_RECORDED_LANDSLIDE
NEG_20160720_0342,2016-07-20,22.750000000000004,89.55000305175781,NER_BACKGROUND,2.3349997997283936,22.750000000000004,89.55000305175781,0,BACKGROUND_NO_RECORDED_LANDSLIDE
9620,2016-10-15 00:00:00,27.172,88.5292,Sikkim,0.0,27.15000000000001,88.55000305175781,1,RECORDED_LANDSLIDE
9404,2016-05-01 00:00:00,28.0822,96.5316,Arunachal Pradesh,3.2799997329711914,28.05,96.5500030517578,1,RECORDED_LANDSLIDE
NEG_20150818_0297,2015-08-18,25.750000000000004,92.94999694824219,NER_BACKGROUND,40.719993591308594,25.750000000000004,92.94999694824219,0,BACKGROUND_NO_RECORDED_LANDSLIDE
3805,2011-07-19 00:00:00,27.05374234,88.42572376,Sikkim,50.63499450683594,27.05,88.44999694824219,1,RECORDED_LANDSLIDE
3806,2011-07-19 00:00:00,27.1032,93.6884,Arunāchal Pradesh,71.54500579833984,27.15000000000001,93.6500015258789,1,RECORDED_LANDSLIDE
NEG_20100327_0048,2010-03-27,22.450000000000006,93.8499984741211,NER_BACKGROUND,2.0299999713897705,22.450000000000006,93.8499984741211,0,BACKGROUND_NO_RECORDED_LANDSLIDE
7655,2016-04-22 00:00:00,27.5799,91.8569,Arunachal Pradesh,26.47499656677246,27.55,91.8499984741211,1,RECORDED_LANDSLIDE
264,2007-09-13 00:00:00,26.1833,91.8,Assam,1.559999942779541,26.15000000000001,91.8499984741211,1,RECORDED_LANDSLIDE
4434,2012-06-25 00:00:00,26.1049,91.7369,Assam,85.07999420166016,26.15000000000001,91.75,1,RECORDED_LANDSLIDE
NEG_20130901_0218,2013-09-01,26.450000000000006,91.05000305175781,NER_BACKGROUND,1.59499990940094,26.450000000000006,91.05000305175781,0,BACKGROUND_NO_RECORDED_LANDSLIDE
7923,2015-09-01 00:00:00,26.49349035,91.72137514,Assam,13.460000038146973,26.450000000000006,91.75,1,RECORDED_LANDSLIDE
NEG_20150819_0303,2015-08-19,23.55,97.75,NER_BACKGROUND,2.0950000286102295,23.55,97.75,0,BACKGROUND_NO_RECORDED_LANDSLIDE
247,2007-09-08 00:00:00,25.0604,93.9877,Manipur,35.2349967956543,25.05,93.9499969482422,1,RECORDED_LANDSLIDE
7728,2015-08-22 00:00:00,26.1028,91.8806,Assam,30.58499526977539,26.15000000000001,91.8499984741211,1,RECORDED_LANDSLIDE
545,2008-05-20 00:00:00,24.9849,92.8411,Assam,9.045000076293944,24.950000000000006,92.8499984741211,1,RECORDED_LANDSLIDE
NEG_20120625_0171,2012-06-25,22.850000000000012,97.55000305175781,NER_BACKGROUND,17.28999900817871,22.850000000000012,97.55000305175781,0,BACKGROUND_NO_RECORDED_LANDSLIDE
4426,2012-06-22 00:00:00,26.1226,91.7162,Assam,15.565000534057615,26.15000000000001,91.75,1,RECORDED_LANDSLIDE
NEG_20110701_0135,2011-07-01,22.450000000000006,91.94999694824219,NER_BACKGROUND,83.22998809814453,22.450000000000006,91.94999694824219,0,BACKGROUND_NO_RECORDED_LANDSLIDE
NEG_20100531_0058,2010-05-31,22.750000000000004,96.1500015258789,NER_BACKGROUND,0.044999994337558746,22.750000000000004,96.1500015258789,0,BACKGROUND_NO_RECORDED_LANDSLIDE
6282,2014-09-22 00:00:00,26.1097,91.7747,Assam,170.47999572753906,26.15000000000001,91.75,1,RECORDED_LANDSLIDE
7701,2015-08-19 00:00:00,25.6278,94.1051,Nagaland,6.734999656677246,25.65000000000001,94.1500015258789,1,RECORDED_LANDSLIDE
NEG_20100819_0089,2010-08-19,25.850000000000012,89.25,NER_BACKGROUND,21.10000228881836,25.850000000000012,89.25,0,BACKGROUND_NO_RECORDED_LANDSLIDE
7279,2015-07-24 00:00:00,24.9818,93.5142,Manipur,6.6150007247924805,24.950000000000006,93.5500030517578,1,RECORDED_LANDSLIDE
3965,2011-09-06 00:00:00,24.808,93.117,Assam,23.739999771118164,24.85000000000001,93.1500015258789,1,RECORDED_LANDSLIDE
3532,2011-05-24 00:00:00,25.0888,92.8551,Assam,9.395000457763672,25.05,92.8499984741211,1,RECORDED_LANDSLIDE
NEG_20150801_0283,2015-08-01,29.450000000000006,91.25,NER_BACKGROUND,5.869999885559082,29.450000000000006,91.25,0,BACKGROUND_NO_RECORDED_LANDSLIDE
9122,2016-07-20 00:00:00,26.1966,91.802,Assam,17.619998931884766,26.15000000000001,91.8499984741211,1,RECORDED_LANDSLIDE
7375,2015-08-01 00:00:00,25.1941,94.4481,Manipur,3.5699996948242188,25.15000000000001,94.4499969482422,1,RECORDED_LANDSLIDE
2569,2010-10-08 00:00:00,25.2745,94.0212,Nāgāland,69.02000427246094,25.250000000000004,94.0500030517578,1,RECORDED_LANDSLIDE
NEG_20080609_0027,2008-06-09,21.850000000000012,95.05000305175781,NER_BACKGROUND,0.019999999552965164,21.850000000000012,95.05000305175781,0,BACKGROUND_NO_RECORDED_LANDSLIDE
4446,2012-07-05 00:00:00,28.9986,94.8885,Arunachal Pradesh,11.420001029968262,28.950000000000006,94.8499984741211,1,RECORDED_LANDSLIDE
NEG_20070826_0010,2007-08-26,26.05,95.1500015258789,NER_BACKGROUND,31.399993896484375,26.05,95.1500015258789,0,BACKGROUND_NO_RECORDED_LANDSLIDE
1930,2010-05-31 00:00:00,28.4298,95.8776,Arunāchal Pradesh,22.274999618530277,28.450000000000006,95.8499984741211,1,RECORDED_LANDSLIDE
NEG_20100909_0098,2010-09-09,26.350000000000012,92.25,NER_BACKGROUND,2.130000114440918,26.350000000000012,92.25,0,BACKGROUND_NO_RECORDED_LANDSLIDE
5552,2013-09-24 00:00:00,25.0985,94.3619,Manipur,16.18000030517578,25.05,94.3499984741211,1,RECORDED_LANDSLIDE
7373,2015-08-01 00:00:00,24.9111,94.4759,Manipur,3.864999771118164,24.950000000000006,94.4499969482422,1,RECORDED_LANDSLIDE
258,2007-09-11 00:00:00,24.4279,94.0564,Manipur,3.274999618530273,24.450000000000006,94.0500030517578,1,RECORDED_LANDSLIDE
NEG_20140908_0238,2014-09-08,23.350000000000012,88.44999694824219,NER_BACKGROUND,0.0,23.350000000000012,88.44999694824219,0,BACKGROUND_NO_RECORDED_LANDSLIDE
9335,2016-05-18 00:00:00,24.5202,92.7239,Assam,69.54999542236328,24.55,92.75,1,RECORDED_LANDSLIDE
7591,2015-03-19 00:00:00,25.0318,92.4584,Assam,0.0,25.05,92.4499969482422,1,RECORDED_LANDSLIDE
NEG_20100706_0072,2010-07-06,28.350000000000012,90.55000305175781,NER_BACKGROUND,7.204999923706055,28.350000000000012,90.55000305175781,0,BACKGROUND_NO_RECORDED_LANDSLIDE
NEG_20160501_0322,2016-05-01,30.250000000000004,92.55000305175781,NER_BACKGROUND,0.0,30.250000000000004,92.55000305175781,0,BACKGROUND_NO_RECORDED_LANDSLIDE
4908,2013-06-08 00:00:00,27.3721,88.708,Sikkim,16.005001068115234,27.35000000000001,88.75,1,RECORDED_LANDSLIDE
NEG_20100827_0094,2010-08-27,27.350000000000012,95.75,NER_BACKGROUND,26.050003051757812,27.350000000000012,95.75,0,BACKGROUND_NO_RECORDED_LANDSLIDE
NEG_20150722_0269,2015-07-22,25.15000000000001,91.25,NER_BACKGROUND,12.045000076293945,25.15000000000001,91.25,0,BACKGROUND_NO_RECORDED_LANDSLIDE
NEG_20071021_0025,2007-10-21,25.350000000000012,88.6500015258789,NER_BACKGROUND,0.0,25.350000000000012,88.6500015258789,0,BACKGROUND_NO_RECORDED_LANDSLIDE
2343,2010-08-27 00:00:00,25.4786,94.1327,Nāgāland,3.0999999046325684,25.450000000000006,94.1500015258789,1,RECORDED_LANDSLIDE
4845,2013-05-07 00:00:00,24.2315,92.6755,Mizoram,67.65499877929688,24.250000000000004,92.6500015258789,1,RECORDED_LANDSLIDE
7590,2015-08-19 00:00:00,25.1416,92.3807,Meghalaya,243.07000732421875,25.15000000000001,92.3499984741211,1,RECORDED_LANDSLIDE
NEG_20100806_0082,2010-08-06,21.05,94.94999694824219,NER_BACKGROUND,6.559998512268066,21.05,94.94999694824219,0,BACKGROUND_NO_RECORDED_LANDSLIDE
NEG_20120607_0164,2012-06-07,23.55,95.25,NER_BACKGROUND,0.8700000047683716,23.55,95.25,0,BACKGROUND_NO_RECORDED_LANDSLIDE
NEG_20160518_0325,2016-05-18,23.850000000000012,91.55000305175781,NER_BACKGROUND,4.350000381469727,23.850000000000012,91.55000305175781,0,BACKGROUND_NO_RECORDED_LANDSLIDE
NEG_20100913_0106,2010-09-13,26.350000000000012,89.8499984741211,NER_BACKGROUND,0.0,26.350000000000012,89.8499984741211,0,BACKGROUND_NO_RECORDED_LANDSLIDE
NEG_20100814_0084,2010-08-14,28.450000000000006,96.8499984741211,NER_BACKGROUND,3.2149996757507324,28.450000000000006,96.8499984741211,0,BACKGROUND_NO_RECORDED_LANDSLIDE
147,2007-07-30 00:00:00,22.533,92.899,Mizoram,2.804999828338623,22.55,92.8499984741211,1,RECORDED_LANDSLIDE
NEG_20160716_0338,2016-07-16,28.15000000000001,90.6500015258789,NER_BACKGROUND,0.0,28.15000000000001,90.6500015258789,0,BACKGROUND_NO_RECORDED_LANDSLIDE
1168,2009-09-17 00:00:00,27.1954,88.6115,Sikkim,23.149995803833008,27.15000000000001,88.6500015258789,1,RECORDED_LANDSLIDE
NEG_20150819_0304,2015-08-19,22.350000000000012,91.75,NER_BACKGROUND,81.6050033569336,22.350000000000012,91.75,0,BACKGROUND_NO_RECORDED_LANDSLIDE
NEG_20121111_0178,2012-11-11,21.15000000000001,96.44999694824219,NER_BACKGROUND,0.0,21.15000000000001,96.44999694824219,0,BACKGROUND_NO_RECORDED_LANDSLIDE
4436,2012-06-25 00:00:00,26.9986,95.4993,Arunāchal Pradesh,52.40000915527344,26.950000000000006,95.4499969482422,1,RECORDED_LANDSLIDE
255,2007-09-10 00:00:00,24.2451,94.0691,Manipur,9.40000057220459,24.250000000000004,94.0500030517578,1,RECORDED_LANDSLIDE
1611,2010-04-01 00:00:00,25.1553,93.028,Assam,7.579998970031738,25.15000000000001,93.0500030517578,1,RECORDED_LANDSLIDE
NEG_20160612_0328,2016-06-12,23.65000000000001,97.3499984741211,NER_BACKGROUND,13.639999389648438,23.65000000000001,97.3499984741211,0,BACKGROUND_NO_RECORDED_LANDSLIDE
NEG_20150811_0292,2015-08-11,22.850000000000012,92.8499984741211,NER_BACKGROUND,5.899999141693115,22.850000000000012,92.8499984741211,0,BACKGROUND_NO_RECORDED_LANDSLIDE
141,2007-07-26 00:00:00,25.38,91.88,Meghālaya,86.05997467041016,25.35000000000001,91.8499984741211,1,RECORDED_LANDSLIDE
NEG_20150812_0295,2015-08-12,24.05,90.8499984741211,NER_BACKGROUND,5.710000038146973,24.05,90.8499984741211,0,BACKGROUND_NO_RECORDED_LANDSLIDE
NEG_20100617_0067,2010-06-17,22.55,89.8499984741211,NER_BACKGROUND,31.764995574951172,22.55,89.8499984741211,0,BACKGROUND_NO_RECORDED_LANDSLIDE
8223,2015-09-14 00:00:00,23.7348,92.7187,Mizoram,41.88999938964844,23.750000000000004,92.75,1,RECORDED_LANDSLIDE
NEG_20150827_0309,2015-08-27,25.05,88.44999694824219,NER_BACKGROUND,0.12999999523162842,25.05,88.44999694824219,0,BACKGROUND_NO_RECORDED_LANDSLIDE
7388,2015-08-01 00:00:00,24.416,94.0984,Manipur,8.145000457763672,24.450000000000006,94.0500030517578,1,RECORDED_LANDSLIDE
NEG_20130511_0185,2013-05-11,25.15000000000001,88.75,NER_BACKGROUND,3.2199997901916504,25.15000000000001,88.75,0,BACKGROUND_NO_RECORDED_LANDSLIDE
7390,2015-08-01 00:00:00,24.4265,94.1913,Manipur,7.445000648498535,24.450000000000006,94.1500015258789,1,RECORDED_LANDSLIDE
NEG_20141020_0253,2014-10-20,23.950000000000006,97.75,NER_BACKGROUND,0.0,23.950000000000006,97.75,0,BACKGROUND_NO_RECORDED_LANDSLIDE
5584,2013-10-06 00:00:00,26.1665,91.7049,Assam,31.939998626708984,26.15000000000001,91.75,1,RECORDED_LANDSLIDE
580,2008-06-09 00:00:00,24.6596,93.9784,Manipur,0.8799999952316284,24.65000000000001,93.9499969482422,1,RECORDED_LANDSLIDE
NEG_20130801_0200,2013-08-01,22.65000000000001,89.25,NER_BACKGROUND,11.004999160766602,22.65000000000001,89.25,0,BACKGROUND_NO_RECORDED_LANDSLIDE
6990,2015-06-24 00:00:00,26.0319,94.5466,Nagaland,2.440000057220459,26.05,94.5500030517578,1,RECORDED_LANDSLIDE
1755,2010-04-17 00:00:00,27.3341,88.6083,Sikkim,9.739999771118164,27.35000000000001,88.6500015258789,1,RECORDED_LANDSLIDE
NEG_20070909_0014,2007-09-09,25.850000000000012,95.3499984741211,NER_BACKGROUND,6.289999961853027,25.850000000000012,95.3499984741211,0,BACKGROUND_NO_RECORDED_LANDSLIDE
6105,2014-06-26 00:00:00,28.9205,95.3429,Arunachal Pradesh,5.439999580383301,28.950000000000006,95.3499984741211,1,RECORDED_LANDSLIDE
868,2008-10-29 00:00:00,26.3333,91.25,Assam,0.0,26.35000000000001,91.25,1,RECORDED_LANDSLIDE
4313,2012-04-08 00:00:00,28.4659,95.86,Arunāchal Pradesh,17.524999618530273,28.450000000000006,95.8499984741211,1,RECORDED_LANDSLIDE
6331,2014-09-08 00:00:00,25.9466,94.6279,Nagaland,8.744999885559082,25.950000000000006,94.6500015258789,1,RECORDED_LANDSLIDE
NEG_20160518_0323,2016-05-18,25.850000000000012,94.6500015258789,NER_BACKGROUND,13.819997787475586,25.850000000000012,94.6500015258789,0,BACKGROUND_NO_RECORDED_LANDSLIDE
NEG_20071019_0024,2007-10-19,25.15000000000001,97.75,NER_BACKGROUND,7.449999809265137,25.15000000000001,97.75,0,BACKGROUND_NO_RECORDED_LANDSLIDE
NEG_20070913_0020,2007-09-13,27.15000000000001,91.44999694824219,NER_BACKGROUND,1.0849997997283936,27.15000000000001,91.44999694824219,0,BACKGROUND_NO_RECORDED_LANDSLIDE
4556,2012-09-16 00:00:00,27.1675,88.3651,Sikkim,11.640000343322754,27.15000000000001,88.3499984741211,1,RECORDED_LANDSLIDE
NEG_20140922_0244,2014-09-22,27.950000000000006,92.94999694824219,NER_BACKGROUND,48.90998077392578,27.950000000000006,92.94999694824219,0,BACKGROUND_NO_RECORDED_LANDSLIDE
NEG_20110706_0136,2011-07-06,25.750000000000004,92.94999694824219,NER_BACKGROUND,0.0,25.750000000000004,92.94999694824219,0,BACKGROUND_NO_RECORDED_LANDSLIDE
NEG_20120613_0166,2012-06-13,21.950000000000006,88.6500015258789,NER_BACKGROUND,0.10000000894069672,21.950000000000006,88.6500015258789,0,BACKGROUND_NO_RECORDED_LANDSLIDE
5084,2013-07-12 00:00:00,25.616,94.1167,Nāgāland,18.66999626159668,25.65000000000001,94.1500015258789,1,RECORDED_LANDSLIDE
NEG_20140922_0246,2014-09-22,27.950000000000006,89.94999694824219,NER_BACKGROUND,7.580000877380371,27.950000000000006,89.94999694824219,0,BACKGROUND_NO_RECORDED_LANDSLIDE
NEG_20150214_0254,2015-02-14,22.950000000000006,89.6500015258789,NER_BACKGROUND,0.0,22.950000000000006,89.6500015258789,0,BACKGROUND_NO_RECORDED_LANDSLIDE
NEG_20100729_0080,2010-07-29,22.350000000000012,89.05000305175781,NER_BACKGROUND,19.64499855041504,22.350000000000012,89.05000305175781,0,BACKGROUND_NO_RECORDED_LANDSLIDE
NEG_20110722_0145,2011-07-22,27.05,89.94999694824219,NER_BACKGROUND,41.44499969482422,27.05,89.94999694824219,0,BACKGROUND_NO_RECORDED_LANDSLIDE
NEG_20100913_0103,2010-09-13,26.350000000000012,95.1500015258789,NER_BACKGROUND,26.704999923706055,26.350000000000012,95.1500015258789,0,BACKGROUND_NO_RECORDED_LANDSLIDE
NEG_20160612_0327,2016-06-12,25.950000000000006,88.55000305175781,NER_BACKGROUND,2.1449999809265137,25.950000000000006,88.55000305175781,0,BACKGROUND_NO_RECORDED_LANDSLIDE
NEG_20140627_0233,2014-06-27,22.05,90.6500015258789,NER_BACKGROUND,1.059999942779541,22.05,90.6500015258789,0,BACKGROUND_NO_RECORDED_LANDSLIDE
NEG_20141005_0252,2014-10-05,30.15000000000001,93.25,NER_BACKGROUND,0.0,30.15000000000001,93.25,0,BACKGROUND_NO_RECORDED_LANDSLIDE
2025,2010-06-28 00:00:00,25.5728,91.885,Meghālaya,60.7449951171875,25.55,91.8499984741211,1,RECORDED_LANDSLIDE
NEG_20100827_0096,2010-08-27,25.15000000000001,94.75,NER_BACKGROUND,37.6349983215332,25.15000000000001,94.75,0,BACKGROUND_NO_RECORDED_LANDSLIDE
4424,2012-06-20 00:00:00,26.149,91.7351,Assam,35.029998779296875,26.15000000000001,91.75,1,RECORDED_LANDSLIDE
NEG_20140508_0228,2014-05-08,21.05,97.3499984741211,NER_BACKGROUND,0.05999999865889549,21.05,97.3499984741211,0,BACKGROUND_NO_RECORDED_LANDSLIDE
4383,2012-06-03 00:00:00,25.3056,93.1265,Assam,19.339998245239254,25.35000000000001,93.1500015258789,1,RECORDED_LANDSLIDE
7837,2015-08-27 00:00:00,23.7269,92.7265,Mizoram,2.495000123977661,23.750000000000004,92.75,1,RECORDED_LANDSLIDE
5005,2013-07-01 00:00:00,26.72,95.029,Nāgāland,22.955001831054688,26.750000000000004,95.0500030517578,1,RECORDED_LANDSLIDE
NEG_20140922_0240,2014-09-22,28.350000000000012,89.3499984741211,NER_BACKGROUND,0.0,28.350000000000012,89.3499984741211,0,BACKGROUND_NO_RECORDED_LANDSLIDE
NEG_20070909_0015,2007-09-09,22.250000000000004,88.44999694824219,NER_BACKGROUND,6.849999904632568,22.250000000000004,88.44999694824219,0,BACKGROUND_NO_RECORDED_LANDSLIDE
NEG_20080819_0033,2008-08-19,23.65000000000001,89.55000305175781,NER_BACKGROUND,19.90500259399414,23.65000000000001,89.55000305175781,0,BACKGROUND_NO_RECORDED_LANDSLIDE
NEG_20150801_0282,2015-08-01,28.05,92.05000305175781,NER_BACKGROUND,5.74500036239624,28.05,92.05000305175781,0,BACKGROUND_NO_RECORDED_LANDSLIDE
NEG_20110816_0153,2011-08-16,29.65000000000001,91.55000305175781,NER_BACKGROUND,4.779999256134033,29.65000000000001,91.55000305175781,0,BACKGROUND_NO_RECORDED_LANDSLIDE
3927,2011-08-16 00:00:00,25.5144,90.2167,Meghālaya,77.614990234375,25.55,90.25,1,RECORDED_LANDSLIDE
NEG_20130715_0197,2013-07-15,21.950000000000006,95.75,NER_BACKGROUND,1.619999885559082,21.950000000000006,95.75,0,BACKGROUND_NO_RECORDED_LANDSLIDE
NEG_20101009_0118,2010-10-09,30.450000000000006,94.3499984741211,NER_BACKGROUND,1.5200002193450928,30.450000000000006,94.3499984741211,0,BACKGROUND_NO_RECORDED_LANDSLIDE
5603,2013-10-13 00:00:00,25.426,94.6024,Manipur,0.7199999094009399,25.450000000000006,94.6500015258789,1,RECORDED_LANDSLIDE
NEG_20101008_0112,2010-10-08,29.15000000000001,90.8499984741211,NER_BACKGROUND,1.9850001335144043,29.15000000000001,90.8499984741211,0,BACKGROUND_NO_RECORDED_LANDSLIDE
NEG_20160422_0321,2016-04-22,24.750000000000004,93.75,NER_BACKGROUND,8.734999656677246,24.750000000000004,93.75,0,BACKGROUND_NO_RECORDED_LANDSLIDE
2426,2010-09-13 00:00:00,22.7176,92.8416,Mizoram,22.09999656677246,22.750000000000004,92.8499984741211,1,RECORDED_LANDSLIDE
NEG_20100706_0071,2010-07-06,28.950000000000006,90.94999694824219,NER_BACKGROUND,0.1899999976158142,28.950000000000006,90.94999694824219,0,BACKGROUND_NO_RECORDED_LANDSLIDE
NEG_20150319_0256,2015-03-19,27.05,92.8499984741211,NER_BACKGROUND,0.05999999865889549,27.05,92.8499984741211,0,BACKGROUND_NO_RECORDED_LANDSLIDE
NEG_20130407_0180,2013-04-07,25.65000000000001,93.75,NER_BACKGROUND,0.0,25.65000000000001,93.75,0,BACKGROUND_NO_RECORDED_LANDSLIDE
2106,2010-07-20 00:00:00,26.8716,94.9921,Nāgāland,21.46000099182129,26.85000000000001,94.9499969482422,1,RECORDED_LANDSLIDE
2578,2010-10-09 00:00:00,25.3179,94.0462,Nāgāland,0.0249999985098838,25.35000000000001,94.0500030517578,1,RECORDED_LANDSLIDE
NEG_20100511_0057,2010-05-11,25.450000000000006,95.25,NER_BACKGROUND,2.4149999618530273,25.450000000000006,95.25,0,BACKGROUND_NO_RECORDED_LANDSLIDE
NEG_20160518_0326,2016-05-18,25.65000000000001,95.94999694824219,NER_BACKGROUND,9.4399995803833,25.65000000000001,95.94999694824219,0,BACKGROUND_NO_RECORDED_LANDSLIDE
2579,2010-10-09 00:00:00,25.682,94.1076,Nāgāland,0.2849999964237213,25.65000000000001,94.1500015258789,1,RECORDED_LANDSLIDE
1770,2010-04-20 00:00:00,26.1965,91.763,Assam,126.22000122070312,26.15000000000001,91.75,1,RECORDED_LANDSLIDE
3925,2011-08-15 00:00:00,27.4888,93.0153,Arunāchal Pradesh,10.035000801086426,27.450000000000006,93.0500030517578,1,RECORDED_LANDSLIDE
NEG_20100420_0053,2010-04-20,24.850000000000012,96.25,NER_BACKGROUND,0.13499999046325684,24.850000000000012,96.25,0,BACKGROUND_NO_RECORDED_LANDSLIDE
NEG_20160710_0334,2016-07-10,27.05,92.05000305175781,NER_BACKGROUND,5.455000400543213,27.05,92.05000305175781,0,BACKGROUND_NO_RECORDED_LANDSLIDE
5275,2013-08-04 00:00:00,26.1498,94.6055,Nāgāland,53.905006408691406,26.15000000000001,94.6500015258789,1,RECORDED_LANDSLIDE
NEG_20150901_0312,2015-09-01,28.65000000000001,93.25,NER_BACKGROUND,13.635000228881836,28.65000000000001,93.25,0,BACKGROUND_NO_RECORDED_LANDSLIDE
NEG_20110722_0144,2011-07-22,26.850000000000012,88.3499984741211,NER_BACKGROUND,8.639999389648438,26.850000000000012,88.3499984741211,0,BACKGROUND_NO_RECORDED_LANDSLIDE
NEG_20101010_0123,2010-10-10,22.55,95.8499984741211,NER_BACKGROUND,15.464999198913574,22.55,95.8499984741211,0,BACKGROUND_NO_RECORDED_LANDSLIDE
NEG_20130901_0219,2013-09-01,25.55,88.75,NER_BACKGROUND,0.33500000834465027,25.55,88.75,0,BACKGROUND_NO_RECORDED_LANDSLIDE
213,2007-08-26 00:00:00,25.2946,92.8339,Assam,19.30499839782715,25.250000000000004,92.8499984741211,1,RECORDED_LANDSLIDE
NEG_20150905_0314,2015-09-05,21.750000000000004,97.75,NER_BACKGROUND,11.239999771118164,21.750000000000004,97.75,0,BACKGROUND_NO_RECORDED_LANDSLIDE
869,2008-10-29 00:00:00,27.2333,94.1167,Assam,0.0,27.250000000000004,94.1500015258789,1,RECORDED_LANDSLIDE
NEG_20100913_0102,2010-09-13,28.55,95.94999694824219,NER_BACKGROUND,0.32499998807907104,28.55,95.94999694824219,0,BACKGROUND_NO_RECORDED_LANDSLIDE
3789,2011-07-16 00:00:00,27.2743,92.9064,Arunāchal Pradesh,10.355000495910645,27.250000000000004,92.9499969482422,1,RECORDED_LANDSLIDE
6775,2015-02-14 00:00:00,26.1468,91.6469,Assam,0.0099999997764825,26.15000000000001,91.6500015258789,1,RECORDED_LANDSLIDE
7336,2015-08-19 00:00:00,25.2193,90.5549,Meghalaya,165.65501403808594,25.250000000000004,90.5500030517578,1,RECORDED_LANDSLIDE
NEG_20120916_0176,2012-09-16,25.350000000000012,95.75,NER_BACKGROUND,9.769999504089355,25.350000000000012,95.75,0,BACKGROUND_NO_RECORDED_LANDSLIDE
NEG_20130218_0179,2013-02-18,28.15000000000001,97.6500015258789,NER_BACKGROUND,0.7450000047683716,28.15000000000001,97.6500015258789,0,BACKGROUND_NO_RECORDED_LANDSLIDE
NEG_20070911_0018,2007-09-11,22.750000000000004,89.6500015258789,NER_BACKGROUND,5.71999979019165,22.750000000000004,89.6500015258789,0,BACKGROUND_NO_RECORDED_LANDSLIDE
1935,2010-06-03 00:00:00,23.8986,91.7599,Tripura,55.160003662109375,23.85000000000001,91.75,1,RECORDED_LANDSLIDE
2567,2010-10-08 00:00:00,25.6633,94.4703,Manipur,62.02999877929688,25.65000000000001,94.4499969482422,1,RECORDED_LANDSLIDE
NEG_20130601_0188,2013-06-01,21.750000000000004,97.8499984741211,NER_BACKGROUND,13.565000534057617,21.750000000000004,97.8499984741211,0,BACKGROUND_NO_RECORDED_LANDSLIDE
NEG_20120603_0162,2012-06-03,28.55,89.25,NER_BACKGROUND,0.0,28.55,89.25,0,BACKGROUND_NO_RECORDED_LANDSLIDE
NEG_20110812_0150,2011-08-12,24.250000000000004,88.3499984741211,NER_BACKGROUND,10.880000114440918,24.250000000000004,88.3499984741211,0,BACKGROUND_NO_RECORDED_LANDSLIDE
6945,2015-06-19 00:00:00,25.16,93.686,Manipur,4.760000228881836,25.15000000000001,93.6500015258789,1,RECORDED_LANDSLIDE
NEG_20140921_0239,2014-09-21,27.250000000000004,96.1500015258789,NER_BACKGROUND,35.29499816894531,27.250000000000004,96.1500015258789,0,BACKGROUND_NO_RECORDED_LANDSLIDE
7334,2015-08-18 00:00:00,28.1737,94.7596,Arunachal Pradesh,2.3499996662139893,28.15000000000001,94.75,1,RECORDED_LANDSLIDE
NEG_20100615_0064,2010-06-15,26.350000000000012,96.3499984741211,NER_BACKGROUND,18.090002059936523,26.350000000000012,96.3499984741211,0,BACKGROUND_NO_RECORDED_LANDSLIDE
3916,2011-08-13 00:00:00,25.7713,93.8067,Assam,13.929998397827148,25.750000000000004,93.8499984741211,1,RECORDED_LANDSLIDE
NEG_20100813_0083,2010-08-13,28.55,95.94999694824219,NER_BACKGROUND,6.674999713897705,28.55,95.94999694824219,0,BACKGROUND_NO_RECORDED_LANDSLIDE
NEG_20131006_0225,2013-10-06,21.250000000000004,88.44999694824219,NER_BACKGROUND,22.51999855041504,21.250000000000004,88.44999694824219,0,BACKGROUND_NO_RECORDED_LANDSLIDE
NEG_20100819_0090,2010-08-19,26.350000000000012,90.8499984741211,NER_BACKGROUND,4.659999847412109,26.350000000000012,90.8499984741211,0,BACKGROUND_NO_RECORDED_LANDSLIDE
NEG_20150914_0317,2015-09-14,28.850000000000012,93.44999694824219,NER_BACKGROUND,7.424999713897705,28.850000000000012,93.44999694824219,0,BACKGROUND_NO_RECORDED_LANDSLIDE
7263,2015-07-22 00:00:00,25.4477,94.0489,Manipur,6.489999771118164,25.450000000000006,94.0500030517578,1,RECORDED_LANDSLIDE
NEG_20150616_0260,2015-06-16,29.65000000000001,88.6500015258789,NER_BACKGROUND,0.0,29.65000000000001,88.6500015258789,0,BACKGROUND_NO_RECORDED_LANDSLIDE
NEG_20070826_0009,2007-08-26,21.850000000000012,96.05000305175781,NER_BACKGROUND,3.6550002098083496,21.850000000000012,96.05000305175781,0,BACKGROUND_NO_RECORDED_LANDSLIDE
NEG_20150722_0272,2015-07-22,29.450000000000006,96.3499984741211,NER_BACKGROUND,2.424999952316284,29.450000000000006,96.3499984741211,0,BACKGROUND_NO_RECORDED_LANDSLIDE
1084,2009-08-12 00:00:00,27.7,92.8,Arunāchal Pradesh,122.2800064086914,27.65000000000001,92.8499984741211,1,RECORDED_LANDSLIDE
3560,2011-05-31 00:00:00,24.8286,93.5935,Manipur,28.224998474121094,24.85000000000001,93.5500030517578,1,RECORDED_LANDSLIDE
NEG_20100706_0073,2010-07-06,23.950000000000006,90.44999694824219,NER_BACKGROUND,0.02499999850988388,23.950000000000006,90.44999694824219,0,BACKGROUND_NO_RECORDED_LANDSLIDE
NEG_20100616_0066,2010-06-16,25.15000000000001,94.6500015258789,NER_BACKGROUND,13.710000991821289,25.15000000000001,94.6500015258789,0,BACKGROUND_NO_RECORDED_LANDSLIDE
NEG_20110711_0138,2011-07-11,25.750000000000004,89.25,NER_BACKGROUND,12.204999923706055,25.750000000000004,89.25,0,BACKGROUND_NO_RECORDED_LANDSLIDE
7778,2015-08-26 00:00:00,23.8447,93.0514,Mizoram,6.619999885559082,23.85000000000001,93.0500030517578,1,RECORDED_LANDSLIDE
5123,2013-07-17 00:00:00,25.7131,94.0885,Nāgāland,1.3649998903274536,25.750000000000004,94.0500030517578,1,RECORDED_LANDSLIDE
NEG_20070523_0001,2007-05-23,21.850000000000012,92.3499984741211,NER_BACKGROUND,0.44999998807907104,21.850000000000012,92.3499984741211,0,BACKGROUND_NO_RECORDED_LANDSLIDE
NEG_20110813_0151,2011-08-13,30.15000000000001,91.94999694824219,NER_BACKGROUND,0.39499998092651367,30.15000000000001,91.94999694824219,0,BACKGROUND_NO_RECORDED_LANDSLIDE
3840,2011-07-25 00:00:00,24.6869,93.9157,Manipur,7.885000228881836,24.65000000000001,93.9499969482422,1,RECORDED_LANDSLIDE
NEG_20100912_0100,2010-09-12,28.250000000000004,95.94999694824219,NER_BACKGROUND,2.375,28.250000000000004,95.94999694824219,0,BACKGROUND_NO_RECORDED_LANDSLIDE
NEG_20150819_0300,2015-08-19,23.15000000000001,91.55000305175781,NER_BACKGROUND,45.124996185302734,23.15000000000001,91.55000305175781,0,BACKGROUND_NO_RECORDED_LANDSLIDE
NEG_20120914_0175,2012-09-14,22.65000000000001,95.05000305175781,NER_BACKGROUND,7.980000972747803,22.65000000000001,95.05000305175781,0,BACKGROUND_NO_RECORDED_LANDSLIDE
NEG_20100628_0069,2010-06-28,27.05,89.6500015258789,NER_BACKGROUND,2.554999828338623,27.05,89.6500015258789,0,BACKGROUND_NO_RECORDED_LANDSLIDE
NEG_20100820_0092,2010-08-20,22.350000000000012,90.1500015258789,NER_BACKGROUND,3.25,22.350000000000012,90.1500015258789,0,BACKGROUND_NO_RECORDED_LANDSLIDE
NEG_20150725_0274,2015-07-25,25.950000000000006,89.05000305175781,NER_BACKGROUND,2.504999876022339,25.950000000000006,89.05000305175781,0,BACKGROUND_NO_RECORDED_LANDSLIDE
3860,2011-07-29 00:00:00,25.4192,94.108,Nāgāland,2.7249999046325684,25.450000000000006,94.1500015258789,1,RECORDED_LANDSLIDE
NEG_20130717_0199,2013-07-17,26.65000000000001,88.55000305175781,NER_BACKGROUND,62.93999481201172,26.65000000000001,88.55000305175781,0,BACKGROUND_NO_RECORDED_LANDSLIDE
9604,2016-10-12 00:00:00,27.2676,88.2891,Sikkim,14.229999542236328,27.250000000000004,88.25,1,RECORDED_LANDSLIDE
NEG_20101008_0113,2010-10-08,23.15000000000001,96.3499984741211,NER_BACKGROUND,38.16499710083008,23.15000000000001,96.3499984741211,0,BACKGROUND_NO_RECORDED_LANDSLIDE
9336,2016-05-18 00:00:00,24.5308,92.5121,Assam,50.285003662109375,24.55,92.5500030517578,1,RECORDED_LANDSLIDE
4861,2013-05-12 00:00:00,24.9926,93.4946,Assam,0.7350000143051147,24.950000000000006,93.4499969482422,1,RECORDED_LANDSLIDE
2743,2010-11-22 00:00:00,27.5798729,91.85672387,Arunāchal Pradesh,2.7400002479553223,27.55,91.8499984741211,1,RECORDED_LANDSLIDE
NEG_20140922_0245,2014-09-22,26.850000000000012,94.25,NER_BACKGROUND,36.31999588012695,26.850000000000012,94.25,0,BACKGROUND_NO_RECORDED_LANDSLIDE
2392,2010-09-04 00:00:00,27.3702,88.7334,Sikkim,3.2599997520446777,27.35000000000001,88.75,1,RECORDED_LANDSLIDE
3830,2011-07-22 00:00:00,24.3527,94.3429,Manipur,3.1349997520446777,24.35000000000001,94.3499984741211,1,RECORDED_LANDSLIDE
6288,2014-09-22 00:00:00,26.1985,91.7998,Assam,170.47999572753906,26.15000000000001,91.75,1,RECORDED_LANDSLIDE
NEG_20150923_0318,2015-09-23,22.15000000000001,94.44999694824219,NER_BACKGROUND,0.0,22.15000000000001,94.44999694824219,0,BACKGROUND_NO_RECORDED_LANDSLIDE
5122,2013-07-17 00:00:00,25.7658,93.9413,Nāgāland,2.694999933242798,25.750000000000004,93.9499969482422,1,RECORDED_LANDSLIDE
7383,2015-08-01 00:00:00,23.899,94.1434,Manipur,6.029999732971191,23.85000000000001,94.1500015258789,1,RECORDED_LANDSLIDE
7665,2015-08-11 00:00:00,24.7016,93.5291,Manipur,1.3450000286102295,24.750000000000004,93.5500030517578,1,RECORDED_LANDSLIDE
NEG_20100402_0050,2010-04-02,27.450000000000006,93.55000305175781,NER_BACKGROUND,0.3349999785423279,27.450000000000006,93.55000305175781,0,BACKGROUND_NO_RECORDED_LANDSLIDE
2587,2010-10-10 00:00:00,25.6623,94.1072,Nāgāland,0.0249999985098838,25.65000000000001,94.1500015258789,1,RECORDED_LANDSLIDE
4859,2013-05-11 00:00:00,26.1771,91.7599,Assam,23.36999893188477,26.15000000000001,91.75,1,RECORDED_LANDSLIDE
5269,2013-08-04 00:00:00,25.8376,94.5234,Nāgāland,42.5,25.85000000000001,94.5500030517578,1,RECORDED_LANDSLIDE
NEG_20100817_0088,2010-08-17,28.450000000000006,90.75,NER_BACKGROUND,13.269998550415039,28.450000000000006,90.75,0,BACKGROUND_NO_RECORDED_LANDSLIDE
6289,2014-09-22 00:00:00,26.1001,91.6849,Assam,180.3050079345703,26.15000000000001,91.6500015258789,1,RECORDED_LANDSLIDE
NEG_20100615_0065,2010-06-15,27.350000000000012,97.55000305175781,NER_BACKGROUND,17.104997634887695,27.350000000000012,97.55000305175781,0,BACKGROUND_NO_RECORDED_LANDSLIDE
NEG_20150722_0271,2015-07-22,21.850000000000012,93.25,NER_BACKGROUND,5.140000343322754,21.850000000000012,93.25,0,BACKGROUND_NO_RECORDED_LANDSLIDE
3633,2011-06-20 00:00:00,26.3186,94.5121,Nāgāland,78.33999633789062,26.35000000000001,94.5500030517578,1,RECORDED_LANDSLIDE
NEG_20100417_0052,2010-04-17,29.750000000000004,94.6500015258789,NER_BACKGROUND,5.169999599456787,29.750000000000004,94.6500015258789,0,BACKGROUND_NO_RECORDED_LANDSLIDE
NEG_20130804_0202,2013-08-04,24.250000000000004,94.3499984741211,NER_BACKGROUND,1.9100000858306885,24.250000000000004,94.3499984741211,0,BACKGROUND_NO_RECORDED_LANDSLIDE
NEG_20130701_0194,2013-07-01,25.65000000000001,92.44999694824219,NER_BACKGROUND,1.5799999237060547,25.65000000000001,92.44999694824219,0,BACKGROUND_NO_RECORDED_LANDSLIDE
5442,2013-09-02 00:00:00,27.1614,93.7525,Arunāchal Pradesh,16.780000686645508,27.15000000000001,93.75,1,RECORDED_LANDSLIDE
NEG_20150801_0287,2015-08-01,29.950000000000006,88.94999694824219,NER_BACKGROUND,3.9700002670288086,29.950000000000006,88.94999694824219,0,BACKGROUND_NO_RECORDED_LANDSLIDE
NEG_20130508_0182,2013-05-08,27.350000000000012,89.75,NER_BACKGROUND,0.0,27.350000000000012,89.75,0,BACKGROUND_NO_RECORDED_LANDSLIDE
NEG_20150801_0290,2015-08-01,24.950000000000006,92.55000305175781,NER_BACKGROUND,13.819999694824219,24.950000000000006,92.55000305175781,0,BACKGROUND_NO_RECORDED_LANDSLIDE
NEG_20130607_0189,2013-06-07,28.250000000000004,88.75,NER_BACKGROUND,0.0,28.250000000000004,88.75,0,BACKGROUND_NO_RECORDED_LANDSLIDE
NEG_20081029_0036,2008-10-29,24.350000000000012,89.55000305175781,NER_BACKGROUND,0.0,24.350000000000012,89.55000305175781,0,BACKGROUND_NO_RECORDED_LANDSLIDE
NEG_20160614_0329,2016-06-14,29.750000000000004,96.94999694824219,NER_BACKGROUND,0.9149999618530273,29.750000000000004,96.94999694824219,0,BACKGROUND_NO_RECORDED_LANDSLIDE
NEG_20120602_0159,2012-06-02,30.250000000000004,88.94999694824219,NER_BACKGROUND,0.03999999910593033,30.250000000000004,88.94999694824219,0,BACKGROUND_NO_RECORDED_LANDSLIDE
7264,2015-07-22 00:00:00,25.4538,93.9827,Manipur,8.769999504089355,25.450000000000006,93.9499969482422,1,RECORDED_LANDSLIDE
NEG_20100819_0091,2010-08-19,25.350000000000012,92.05000305175781,NER_BACKGROUND,16.639999389648438,25.350000000000012,92.05000305175781,0,BACKGROUND_NO_RECORDED_LANDSLIDE
NEG_20110724_0146,2011-07-24,30.15000000000001,89.94999694824219,NER_BACKGROUND,2.119999885559082,30.15000000000001,89.94999694824219,0,BACKGROUND_NO_RECORDED_LANDSLIDE
2570,2010-10-08 00:00:00,24.837,93.9128,Manipur,75.5149917602539,24.85000000000001,93.9499969482422,1,RECORDED_LANDSLIDE
6110,2014-06-27 00:00:00,26.1619,91.7697,Assam,9.095000267028809,26.15000000000001,91.75,1,RECORDED_LANDSLIDE
NEG_20150613_0259,2015-06-13,25.950000000000006,89.6500015258789,NER_BACKGROUND,9.744999885559082,25.950000000000006,89.6500015258789,0,BACKGROUND_NO_RECORDED_LANDSLIDE
NEG_20071016_0023,2007-10-16,26.250000000000004,88.3499984741211,NER_BACKGROUND,0.0,26.250000000000004,88.3499984741211,0,BACKGROUND_NO_RECORDED_LANDSLIDE
6112,2014-06-28 00:00:00,26.1964,91.7652,Assam,0.5349999666213989,26.15000000000001,91.75,1,RECORDED_LANDSLIDE
NEG_20140509_0229,2014-05-09,29.55,89.8499984741211,NER_BACKGROUND,0.5550000071525574,29.55,89.8499984741211,0,BACKGROUND_NO_RECORDED_LANDSLIDE
8339,2015-09-23 00:00:00,26.1666,91.7042,Assam,79.65498352050781,26.15000000000001,91.75,1,RECORDED_LANDSLIDE
NEG_20100603_0060,2010-06-03,27.55,93.25,NER_BACKGROUND,10.27500057220459,27.55,93.25,0,BACKGROUND_NO_RECORDED_LANDSLIDE
NEG_20150731_0276,2015-07-31,25.450000000000006,97.3499984741211,NER_BACKGROUND,7.489999771118164,25.450000000000006,97.3499984741211,0,BACKGROUND_NO_RECORDED_LANDSLIDE
NEG_20070826_0008,2007-08-26,22.850000000000012,96.3499984741211,NER_BACKGROUND,11.05000114440918,22.850000000000012,96.3499984741211,0,BACKGROUND_NO_RECORDED_LANDSLIDE
6968,2015-06-13 00:00:00,25.463,92.2121,Meghalaya,54.63500213623047,25.450000000000006,92.25,1,RECORDED_LANDSLIDE
7371,2015-08-01 00:00:00,23.9939,94.0573,Manipur,6.684999465942383,23.950000000000006,94.0500030517578,1,RECORDED_LANDSLIDE
NEG_20080520_0026,2008-05-20,23.15000000000001,92.75,NER_BACKGROUND,2.5349998474121094,23.15000000000001,92.75,0,BACKGROUND_NO_RECORDED_LANDSLIDE
NEG_20080828_0034,2008-08-28,26.950000000000006,94.94999694824219,NER_BACKGROUND,11.445000648498535,26.950000000000006,94.94999694824219,0,BACKGROUND_NO_RECORDED_LANDSLIDE
5582,2013-10-06 00:00:00,26.1309,91.8383,Assam,21.14000129699707,26.15000000000001,91.8499984741211,1,RECORDED_LANDSLIDE
NEG_20150914_0316,2015-09-14,22.250000000000004,91.8499984741211,NER_BACKGROUND,1.404999852180481,22.250000000000004,91.8499984741211,0,BACKGROUND_NO_RECORDED_LANDSLIDE
NEG_20130902_0221,2013-09-02,24.15000000000001,89.75,NER_BACKGROUND,1.875,24.15000000000001,89.75,0,BACKGROUND_NO_RECORDED_LANDSLIDE
NEG_20101009_0122,2010-10-09,25.850000000000012,95.94999694824219,NER_BACKGROUND,1.3049999475479126,25.850000000000012,95.94999694824219,0,BACKGROUND_NO_RECORDED_LANDSLIDE
9464,2016-08-05 00:00:00,27.5754,91.9754,Arunachal Pradesh,0.9200000166893004,27.55,91.9499969482422,1,RECORDED_LANDSLIDE
NEG_20110906_0155,2011-09-06,27.65000000000001,94.1500015258789,NER_BACKGROUND,48.74000549316406,27.65000000000001,94.1500015258789,0,BACKGROUND_NO_RECORDED_LANDSLIDE
NEG_20160719_0341,2016-07-19,24.950000000000006,89.94999694824219,NER_BACKGROUND,22.799997329711914,24.950000000000006,89.94999694824219,0,BACKGROUND_NO_RECORDED_LANDSLIDE
NEG_20150818_0298,2015-08-18,25.750000000000004,91.55000305175781,NER_BACKGROUND,172.64500427246094,25.750000000000004,91.55000305175781,0,BACKGROUND_NO_RECORDED_LANDSLIDE
NEG_20150801_0281,2015-08-01,21.850000000000012,96.05000305175781,NER_BACKGROUND,7.989999771118164,21.850000000000012,96.05000305175781,0,BACKGROUND_NO_RECORDED_LANDSLIDE
NEG_20140922_0247,2014-09-22,29.750000000000004,88.75,NER_BACKGROUND,0.25,29.750000000000004,88.75,0,BACKGROUND_NO_RECORDED_LANDSLIDE
NEG_20130804_0206,2013-08-04,26.850000000000012,93.25,NER_BACKGROUND,0.1899999976158142,26.850000000000012,93.25,0,BACKGROUND_NO_RECORDED_LANDSLIDE
2247,2010-08-14 00:00:00,26.148,94.8422,Nāgāland,44.21500778198242,26.15000000000001,94.8499984741211,1,RECORDED_LANDSLIDE
6284,2014-09-22 00:00:00,26.1324,91.8342,Assam,161.239990234375,26.15000000000001,91.8499984741211,1,RECORDED_LANDSLIDE
4378,2012-06-02 00:00:00,28.8254,96.1517,Arunachal Pradesh,11.03499984741211,28.85000000000001,96.1500015258789,1,RECORDED_LANDSLIDE
NEG_20120705_0174,2012-07-05,26.15000000000001,94.8499984741211,NER_BACKGROUND,5.00499963760376,26.15000000000001,94.8499984741211,0,BACKGROUND_NO_RECORDED_LANDSLIDE
870,2008-10-29 00:00:00,27.4,92.35,Arunāchal Pradesh,0.6749999523162842,27.35000000000001,92.3499984741211,1,RECORDED_LANDSLIDE
NEG_20130607_0190,2013-06-07,24.950000000000006,90.94999694824219,NER_BACKGROUND,25.65500259399414,24.950000000000006,90.94999694824219,0,BACKGROUND_NO_RECORDED_LANDSLIDE
4435,2012-06-25 00:00:00,27.174,95.8011,Arunāchal Pradesh,35.71500015258789,27.15000000000001,95.8499984741211,1,RECORDED_LANDSLIDE
NEG_20140923_0249,2014-09-23,23.950000000000006,89.44999694824219,NER_BACKGROUND,0.7849999666213989,23.950000000000006,89.44999694824219,0,BACKGROUND_NO_RECORDED_LANDSLIDE
NEG_20140922_0241,2014-09-22,29.950000000000006,89.75,NER_BACKGROUND,0.7649999856948853,29.950000000000006,89.75,0,BACKGROUND_NO_RECORDED_LANDSLIDE
NEG_20150827_0310,2015-08-27,26.55,93.1500015258789,NER_BACKGROUND,33.42499542236328,26.55,93.1500015258789,0,BACKGROUND_NO_RECORDED_LANDSLIDE
2345,2010-08-27 00:00:00,27.3392,88.6188,Sikkim,16.084999084472656,27.35000000000001,88.6500015258789,1,RECORDED_LANDSLIDE
NEG_20130816_0213,2013-08-16,23.55,97.6500015258789,NER_BACKGROUND,10.734999656677246,23.55,97.6500015258789,0,BACKGROUND_NO_RECORDED_LANDSLIDE
6283,2014-09-22 00:00:00,26.1314,91.7548,Assam,170.47999572753906,26.15000000000001,91.75,1,RECORDED_LANDSLIDE
NEG_20131005_0224,2013-10-05,25.15000000000001,92.8499984741211,NER_BACKGROUND,14.799999237060547,25.15000000000001,92.8499984741211,0,BACKGROUND_NO_RECORDED_LANDSLIDE
NEG_20101003_0110,2010-10-03,30.450000000000006,91.05000305175781,NER_BACKGROUND,0.0,30.450000000000006,91.05000305175781,0,BACKGROUND_NO_RECORDED_LANDSLIDE
NEG_20130804_0203,2013-08-04,26.55,92.8499984741211,NER_BACKGROUND,0.0,26.55,92.8499984741211,0,BACKGROUND_NO_RECORDED_LANDSLIDE
NEG_20160728_0345,2016-07-28,28.65000000000001,94.8499984741211,NER_BACKGROUND,83.56999969482422,28.65000000000001,94.8499984741211,0,BACKGROUND_NO_RECORDED_LANDSLIDE
5274,2013-08-04 00:00:00,26.0838,94.564,Nāgāland,55.719993591308594,26.05,94.5500030517578,1,RECORDED_LANDSLIDE
NEG_20090820_0042,2009-08-20,28.450000000000006,90.6500015258789,NER_BACKGROUND,0.0,28.450000000000006,90.6500015258789,0,BACKGROUND_NO_RECORDED_LANDSLIDE
NEG_20091005_0047,2009-10-05,26.250000000000004,89.44999694824219,NER_BACKGROUND,1.4299999475479126,26.250000000000004,89.44999694824219,0,BACKGROUND_NO_RECORDED_LANDSLIDE
NEG_20150219_0255,2015-02-19,30.05,93.44999694824219,NER_BACKGROUND,0.0,30.05,93.44999694824219,0,BACKGROUND_NO_RECORDED_LANDSLIDE
5430,2013-09-01 00:00:00,24.9037,93.487,Manipur,16.564998626708984,24.950000000000006,93.4499969482422,1,RECORDED_LANDSLIDE
142,2007-07-27 00:00:00,25.5212,90.232,Meghālaya,79.05500030517578,25.55,90.25,1,RECORDED_LANDSLIDE
NEG_20150731_0275,2015-07-31,23.950000000000006,96.1500015258789,NER_BACKGROUND,17.30499839782715,23.950000000000006,96.1500015258789,0,BACKGROUND_NO_RECORDED_LANDSLIDE
NEG_20130712_0196,2013-07-12,22.350000000000012,94.55000305175781,NER_BACKGROUND,0.009999999776482582,22.350000000000012,94.55000305175781,0,BACKGROUND_NO_RECORDED_LANDSLIDE
2411,2010-09-10 00:00:00,27.0011,93.7273,Arunāchal Pradesh,139.0399932861328,27.05,93.75,1,RECORDED_LANDSLIDE
NEG_20130924_0223,2013-09-24,29.05,96.05000305175781,NER_BACKGROUND,0.029999999329447746,29.05,96.05000305175781,0,BACKGROUND_NO_RECORDED_LANDSLIDE
NEG_20100421_0056,2010-04-21,29.65000000000001,89.05000305175781,NER_BACKGROUND,0.0,29.65000000000001,89.05000305175781,0,BACKGROUND_NO_RECORDED_LANDSLIDE
NEG_20110815_0152,2011-08-15,24.450000000000006,94.1500015258789,NER_BACKGROUND,17.344999313354492,24.450000000000006,94.1500015258789,0,BACKGROUND_NO_RECORDED_LANDSLIDE
1596,2010-03-27 00:00:00,24.7339,93.9161,Manipur,1.5900001525878906,24.750000000000004,93.9499969482422,1,RECORDED_LANDSLIDE
731,2008-08-19 00:00:00,26.138,94.25,Nāgāland,3.865000247955322,26.15000000000001,94.25,1,RECORDED_LANDSLIDE
5271,2013-08-04 00:00:00,26.284,94.5808,Nāgāland,20.505001068115234,26.250000000000004,94.5500030517578,1,RECORDED_LANDSLIDE
3683,2011-07-01 00:00:00,25.8782,94.1739,Nāgāland,10.789999961853027,25.85000000000001,94.1500015258789,1,RECORDED_LANDSLIDE
585,2008-06-14 00:00:00,27.0998,93.6287,Arunāchal Pradesh,73.52999114990234,27.05,93.6500015258789,1,RECORDED_LANDSLIDE
NEG_20150715_0266,2015-07-15,23.850000000000012,90.3499984741211,NER_BACKGROUND,50.86500549316406,23.850000000000012,90.3499984741211,0,BACKGROUND_NO_RECORDED_LANDSLIDE
6106,2014-06-26 00:00:00,26.1407,91.7645,Assam,42.61000061035156,26.15000000000001,91.75,1,RECORDED_LANDSLIDE
NEG_20110715_0139,2011-07-15,25.250000000000004,89.6500015258789,NER_BACKGROUND,13.774999618530273,25.250000000000004,89.6500015258789,0,BACKGROUND_NO_RECORDED_LANDSLIDE
NEG_20080614_0028,2008-06-14,26.250000000000004,92.1500015258789,NER_BACKGROUND,24.164997100830078,26.250000000000004,92.1500015258789,0,BACKGROUND_NO_RECORDED_LANDSLIDE
7387,2015-08-01 00:00:00,24.954,94.2156,Manipur,13.285001754760742,24.950000000000006,94.25,1,RECORDED_LANDSLIDE
NEG_20100628_0068,2010-06-28,28.950000000000006,90.55000305175781,NER_BACKGROUND,0.13499999046325684,28.950000000000006,90.55000305175781,0,BACKGROUND_NO_RECORDED_LANDSLIDE
NEG_20090820_0041,2009-08-20,29.450000000000006,97.8499984741211,NER_BACKGROUND,0.0,29.450000000000006,97.8499984741211,0,BACKGROUND_NO_RECORDED_LANDSLIDE
NEG_20140922_0242,2014-09-22,22.05,89.6500015258789,NER_BACKGROUND,47.244998931884766,22.05,89.6500015258789,0,BACKGROUND_NO_RECORDED_LANDSLIDE
NEG_20110729_0148,2011-07-29,24.250000000000004,91.75,NER_BACKGROUND,16.57000160217285,24.250000000000004,91.75,0,BACKGROUND_NO_RECORDED_LANDSLIDE
3776,2011-07-15 00:00:00,27.125,93.7145,Arunāchal Pradesh,36.45999526977539,27.15000000000001,93.75,1,RECORDED_LANDSLIDE
1961,2010-06-09 00:00:00,25.8833,91.2,Meghālaya,24.670001983642575,25.85000000000001,91.1500015258789,1,RECORDED_LANDSLIDE
NEG_20101009_0121,2010-10-09,22.15000000000001,95.6500015258789,NER_BACKGROUND,4.135000228881836,22.15000000000001,95.6500015258789,0,BACKGROUND_NO_RECORDED_LANDSLIDE
3556,2011-05-31 00:00:00,25.1555,93.8474,Manipur,51.29499816894531,25.15000000000001,93.8499984741211,1,RECORDED_LANDSLIDE
NEG_20160707_0332,2016-07-07,26.350000000000012,89.75,NER_BACKGROUND,2.129999876022339,26.350000000000012,89.75,0,BACKGROUND_NO_RECORDED_LANDSLIDE
NEG_20120622_0170,2012-06-22,27.750000000000004,88.25,NER_BACKGROUND,20.57000160217285,27.750000000000004,88.25,0,BACKGROUND_NO_RECORDED_LANDSLIDE
1987,2010-06-15 00:00:00,25.2269,93.1658,Assam,8.834999084472656,25.250000000000004,93.1500015258789,1,RECORDED_LANDSLIDE
252,2007-09-09 00:00:00,25.4993,94.1192,Nāgāland,5.614999294281006,25.450000000000006,94.1500015258789,1,RECORDED_LANDSLIDE
4241,2012-03-04 00:00:00,25.1604,93.6795,Manipur,0.3199999928474426,25.15000000000001,93.6500015258789,1,RECORDED_LANDSLIDE
1112,2009-08-20 00:00:00,27.1761,88.5287,Sikkim,25.66500473022461,27.15000000000001,88.55000305175781,1,RECORDED_LANDSLIDE
NEG_20110719_0142,2011-07-19,23.250000000000004,92.44999694824219,NER_BACKGROUND,7.535000324249268,23.250000000000004,92.44999694824219,0,BACKGROUND_NO_RECORDED_LANDSLIDE
NEG_20080615_0029,2008-06-15,29.450000000000006,92.05000305175781,NER_BACKGROUND,0.0,29.450000000000006,92.05000305175781,0,BACKGROUND_NO_RECORDED_LANDSLIDE
4892,2013-06-01 00:00:00,27.8776,94.25,Arunāchal Pradesh,4.255000114440918,27.85000000000001,94.25,1,RECORDED_LANDSLIDE
5431,2013-09-01 00:00:00,24.9829,93.5063,Assam,19.55499839782715,24.950000000000006,93.5500030517578,1,RECORDED_LANDSLIDE
1771,2010-04-20 00:00:00,26.1978,91.7665,Assam,126.22000122070312,26.15000000000001,91.75,1,RECORDED_LANDSLIDE
9010,2016-07-16 00:00:00,27.3034,93.804,Arunachal Pradesh,84.25,27.35000000000001,93.8499984741211,1,RECORDED_LANDSLIDE
7887,2015-08-16 00:00:00,27.8835,96.9262,Arunachal Pradesh,0.4049999713897705,27.85000000000001,96.9499969482422,1,RECORDED_LANDSLIDE
6214,2014-10-05 00:00:00,25.9702,91.8587,Meghalaya,0.0,25.950000000000006,91.8499984741211,1,RECORDED_LANDSLIDE
NEG_20101008_0111,2010-10-08,28.850000000000012,91.44999694824219,NER_BACKGROUND,1.5899999141693115,28.850000000000012,91.44999694824219,0,BACKGROUND_NO_RECORDED_LANDSLIDE
NEG_20100913_0105,2010-09-13,26.55,89.3499984741211,NER_BACKGROUND,1.2699999809265137,26.55,89.3499984741211,0,BACKGROUND_NO_RECORDED_LANDSLIDE
NEG_20161012_0349,2016-10-12,21.15000000000001,94.8499984741211,NER_BACKGROUND,0.0,21.15000000000001,94.8499984741211,0,BACKGROUND_NO_RECORDED_LANDSLIDE
7265,2015-07-22 00:00:00,25.5007,93.9854,Manipur,12.045000076293944,25.55,93.9499969482422,1,RECORDED_LANDSLIDE
5268,2013-08-04 00:00:00,26.0137,94.5163,Nāgāland,55.719993591308594,26.05,94.5500030517578,1,RECORDED_LANDSLIDE
4384,2012-06-03 00:00:00,25.1775,93.0123,Assam,17.80500030517578,25.15000000000001,93.0500030517578,1,RECORDED_LANDSLIDE
NEG_20130804_0205,2013-08-04,25.250000000000004,88.44999694824219,NER_BACKGROUND,0.3349999785423279,25.250000000000004,88.44999694824219,0,BACKGROUND_NO_RECORDED_LANDSLIDE
NEG_20100417_0051,2010-04-17,28.05,96.75,NER_BACKGROUND,14.479997634887695,28.05,96.75,0,BACKGROUND_NO_RECORDED_LANDSLIDE
NEG_20110522_0126,2011-05-22,22.05,88.3499984741211,NER_BACKGROUND,0.0,22.05,88.3499984741211,0,BACKGROUND_NO_RECORDED_LANDSLIDE
2425,2010-09-13 00:00:00,23.3439,93.0748,Mizoram,19.40500259399414,23.35000000000001,93.0500030517578,1,RECORDED_LANDSLIDE
NEG_20130817_0215,2013-08-17,29.950000000000006,89.25,NER_BACKGROUND,0.004999999888241291,29.950000000000006,89.25,0,BACKGROUND_NO_RECORDED_LANDSLIDE
NEG_20090812_0039,2009-08-12,25.250000000000004,89.25,NER_BACKGROUND,13.079999923706055,25.250000000000004,89.25,0,BACKGROUND_NO_RECORDED_LANDSLIDE
126,2007-07-16 00:00:00,27.1499,88.38,Sikkim,45.55499267578125,27.15000000000001,88.3499984741211,1,RECORDED_LANDSLIDE
NEG_20150820_0305,2015-08-20,23.850000000000012,88.25,NER_BACKGROUND,21.53999900817871,23.850000000000012,88.25,0,BACKGROUND_NO_RECORDED_LANDSLIDE
NEG_20130815_0211,2013-08-15,21.750000000000004,96.1500015258789,NER_BACKGROUND,0.875,21.750000000000004,96.1500015258789,0,BACKGROUND_NO_RECORDED_LANDSLIDE
2182,2010-07-31 00:00:00,24.9356,93.8443,Manipur,0.7049999833106995,24.950000000000006,93.8499984741211,1,RECORDED_LANDSLIDE
5272,2013-08-04 00:00:00,26.2083,94.5438,Nāgāland,20.505001068115234,26.250000000000004,94.5500030517578,1,RECORDED_LANDSLIDE
760,2008-08-29 00:00:00,25.67,94.1066,Nāgāland,9.829998970031738,25.65000000000001,94.1500015258789,1,RECORDED_LANDSLIDE
NEG_20120408_0158,2012-04-08,28.250000000000004,90.94999694824219,NER_BACKGROUND,0.17499999701976776,28.250000000000004,90.94999694824219,0,BACKGROUND_NO_RECORDED_LANDSLIDE
NEG_20100725_0077,2010-07-25,23.250000000000004,94.44999694824219,NER_BACKGROUND,0.07000000029802322,23.250000000000004,94.44999694824219,0,BACKGROUND_NO_RECORDED_LANDSLIDE
NEG_20100913_0104,2010-09-13,27.05,95.6500015258789,NER_BACKGROUND,12.960000991821289,27.05,95.6500015258789,0,BACKGROUND_NO_RECORDED_LANDSLIDE
NEG_20070910_0016,2007-09-10,25.750000000000004,93.3499984741211,NER_BACKGROUND,1.7349998950958252,25.750000000000004,93.3499984741211,0,BACKGROUND_NO_RECORDED_LANDSLIDE
2296,2010-08-20 00:00:00,27.167,88.3652,Sikkim,8.955000877380371,27.15000000000001,88.3499984741211,1,RECORDED_LANDSLIDE
9124,2016-07-19 00:00:00,25.203,90.5573,Meghalaya,23.19999885559082,25.250000000000004,90.5500030517578,1,RECORDED_LANDSLIDE
NEG_20130816_0214,2013-08-16,25.55,96.1500015258789,NER_BACKGROUND,33.355003356933594,25.55,96.1500015258789,0,BACKGROUND_NO_RECORDED_LANDSLIDE
9232,2016-07-28 00:00:00,23.5397,93.3783,Mizoram,12.25,23.55,93.3499984741211,1,RECORDED_LANDSLIDE
6286,2014-09-22 00:00:00,26.1044,91.7082,Assam,170.47999572753906,26.15000000000001,91.75,1,RECORDED_LANDSLIDE
251,2007-09-09 00:00:00,27.1667,88.35,Sikkim,5.889999866485596,27.15000000000001,88.3499984741211,1,RECORDED_LANDSLIDE
8224,2015-09-14 00:00:00,23.7313,92.7187,Mizoram,41.88999938964844,23.750000000000004,92.75,1,RECORDED_LANDSLIDE
NEG_20140924_0250,2014-09-24,25.350000000000012,92.75,NER_BACKGROUND,16.264999389648438,25.350000000000012,92.75,0,BACKGROUND_NO_RECORDED_LANDSLIDE
NEG_20081029_0037,2008-10-29,27.65000000000001,97.8499984741211,NER_BACKGROUND,0.0,27.65000000000001,97.8499984741211,0,BACKGROUND_NO_RECORDED_LANDSLIDE
7276,2015-07-25 00:00:00,26.1062,91.8717,Assam,0.0,26.15000000000001,91.8499984741211,1,RECORDED_LANDSLIDE
4408,2012-06-13 00:00:00,25.5498,92.0757,Meghālaya,0.6899999976158142,25.55,92.0500030517578,1,RECORDED_LANDSLIDE
NEG_20160728_0346,2016-07-28,25.450000000000006,90.05000305175781,NER_BACKGROUND,16.345001220703125,25.450000000000006,90.05000305175781,0,BACKGROUND_NO_RECORDED_LANDSLIDE
NEG_20150816_0296,2015-08-16,30.250000000000004,91.3499984741211,NER_BACKGROUND,6.259999752044678,30.250000000000004,91.3499984741211,0,BACKGROUND_NO_RECORDED_LANDSLIDE
NEG_20110629_0134,2011-06-29,29.950000000000006,89.44999694824219,NER_BACKGROUND,3.2899999618530273,29.950000000000006,89.44999694824219,0,BACKGROUND_NO_RECORDED_LANDSLIDE
NEG_20160711_0335,2016-07-11,28.950000000000006,97.55000305175781,NER_BACKGROUND,1.3949999809265137,28.950000000000006,97.55000305175781,0,BACKGROUND_NO_RECORDED_LANDSLIDE
NEG_20110818_0154,2011-08-18,25.65000000000001,97.25,NER_BACKGROUND,0.2849999964237213,25.65000000000001,97.25,0,BACKGROUND_NO_RECORDED_LANDSLIDE
6287,2014-09-22 00:00:00,26.1295,91.7056,Assam,170.47999572753906,26.15000000000001,91.75,1,RECORDED_LANDSLIDE
NEG_20130830_0216,2013-08-30,22.55,90.1500015258789,NER_BACKGROUND,10.069999694824219,22.55,90.1500015258789,0,BACKGROUND_NO_RECORDED_LANDSLIDE
NEG_20130816_0212,2013-08-16,27.450000000000006,88.3499984741211,NER_BACKGROUND,2.6050000190734863,27.450000000000006,88.3499984741211,0,BACKGROUND_NO_RECORDED_LANDSLIDE
4905,2013-06-07 00:00:00,26.0977,94.7031,Nāgāland,9.625,26.05,94.75,1,RECORDED_LANDSLIDE
NEG_20110322_0125,2011-03-22,21.250000000000004,89.44999694824219,NER_BACKGROUND,0.0,21.250000000000004,89.44999694824219,0,BACKGROUND_NO_RECORDED_LANDSLIDE
NEG_20120602_0160,2012-06-02,23.450000000000006,95.75,NER_BACKGROUND,1.4149998426437378,23.450000000000006,95.75,0,BACKGROUND_NO_RECORDED_LANDSLIDE
1929,2010-05-31 00:00:00,27.3543,88.6428,Sikkim,1.3949999809265137,27.35000000000001,88.6500015258789,1,RECORDED_LANDSLIDE
NEG_20101122_0124,2010-11-22,24.15000000000001,93.94999694824219,NER_BACKGROUND,0.0,24.15000000000001,93.94999694824219,0,BACKGROUND_NO_RECORDED_LANDSLIDE
NEG_20130811_0210,2013-08-11,21.65000000000001,89.3499984741211,NER_BACKGROUND,32.9849967956543,21.65000000000001,89.3499984741211,0,BACKGROUND_NO_RECORDED_LANDSLIDE
6293,2014-10-20 00:00:00,25.5006,90.0896,Meghalaya,0.0,25.55,90.05000305175781,1,RECORDED_LANDSLIDE
285,2007-09-29 00:00:00,24.1293,92.6921,Mizoram,13.450000762939451,24.15000000000001,92.6500015258789,1,RECORDED_LANDSLIDE
7956,2015-09-05 00:00:00,26.048,91.8695,Meghalaya,12.809999465942385,26.05,91.8499984741211,1,RECORDED_LANDSLIDE
NEG_20100916_0109,2010-09-16,23.05,89.75,NER_BACKGROUND,0.7799999713897705,23.05,89.75,0,BACKGROUND_NO_RECORDED_LANDSLIDE
4382,2012-06-03 00:00:00,25.1175,92.8573,Assam,21.35999870300293,25.15000000000001,92.8499984741211,1,RECORDED_LANDSLIDE
7370,2015-08-01 00:00:00,24.1419,94.1078,Manipur,4.019999980926514,24.15000000000001,94.1500015258789,1,RECORDED_LANDSLIDE
4990,2013-06-27 00:00:00,27.3765,88.7628,Sikkim,9.690000534057615,27.35000000000001,88.75,1,RECORDED_LANDSLIDE
NEG_20080829_0035,2008-08-29,22.55,94.1500015258789,NER_BACKGROUND,2.8349997997283936,22.55,94.1500015258789,0,BACKGROUND_NO_RECORDED_LANDSLIDE
NEG_20100609_0063,2010-06-09,23.15000000000001,92.44999694824219,NER_BACKGROUND,0.03500000014901161,23.15000000000001,92.44999694824219,0,BACKGROUND_NO_RECORDED_LANDSLIDE
NEG_20110717_0141,2011-07-17,24.65000000000001,88.1500015258789,NER_BACKGROUND,5.3949995040893555,24.65000000000001,88.1500015258789,0,BACKGROUND_NO_RECORDED_LANDSLIDE
9219,2016-07-26 00:00:00,26.0101,94.5282,Nagaland,2.944999933242798,26.05,94.5500030517578,1,RECORDED_LANDSLIDE
7836,2015-08-27 00:00:00,24.042,92.6724,Mizoram,11.854999542236328,24.05,92.6500015258789,1,RECORDED_LANDSLIDE
NEG_20150828_0311,2015-08-28,29.250000000000004,89.75,NER_BACKGROUND,10.1899995803833,29.250000000000004,89.75,0,BACKGROUND_NO_RECORDED_LANDSLIDE
3637,2011-06-21 00:00:00,25.51614662,94.2341227,Nāgāland,37.40499877929688,25.55,94.25,1,RECORDED_LANDSLIDE
NEG_20150901_0313,2015-09-01,21.250000000000004,91.6500015258789,NER_BACKGROUND,110.18501281738281,21.250000000000004,91.6500015258789,0,BACKGROUND_NO_RECORDED_LANDSLIDE
2415,2010-09-12 00:00:00,25.63961883,94.11112157,Nāgāland,2.1150002479553223,25.65000000000001,94.1500015258789,1,RECORDED_LANDSLIDE
NEG_20070929_0022,2007-09-29,28.850000000000012,90.44999694824219,NER_BACKGROUND,0.0,28.850000000000012,90.44999694824219,0,BACKGROUND_NO_RECORDED_LANDSLIDE
2263,2010-08-17 00:00:00,26.2753,94.6654,Nāgāland,1.274999976158142,26.250000000000004,94.6500015258789,1,RECORDED_LANDSLIDE
NEG_20100916_0108,2010-09-16,23.65000000000001,89.44999694824219,NER_BACKGROUND,4.46999979019165,23.65000000000001,89.44999694824219,0,BACKGROUND_NO_RECORDED_LANDSLIDE
8237,2016-07-01 00:00:00,27.0136,92.6351,Arunachal Pradesh,46.51499938964844,27.05,92.6500015258789,1,RECORDED_LANDSLIDE
5343,2013-08-17 00:00:00,24.7625,93.4341,Assam,16.209999084472656,24.750000000000004,93.4499969482422,1,RECORDED_LANDSLIDE
NEG_20101009_0116,2010-10-09,26.350000000000012,95.05000305175781,NER_BACKGROUND,2.635000467300415,26.350000000000012,95.05000305175781,0,BACKGROUND_NO_RECORDED_LANDSLIDE
2574,2010-10-09 00:00:00,25.4749,93.1477,Assam,0.0,25.450000000000006,93.1500015258789,1,RECORDED_LANDSLIDE
NEG_20150624_0264,2015-06-24,26.05,93.94999694824219,NER_BACKGROUND,20.850000381469727,26.05,93.94999694824219,0,BACKGROUND_NO_RECORDED_LANDSLIDE
269,2007-09-18 00:00:00,27.2872,88.2816,Sikkim,27.045001983642575,27.250000000000004,88.25,1,RECORDED_LANDSLIDE
2042,2010-07-06 00:00:00,26.0093,94.5238,Nāgāland,1.5800001621246338,26.05,94.5500030517578,1,RECORDED_LANDSLIDE
2420,2010-09-13 00:00:00,23.72988966,92.71495623,Mizoram,37.53999328613281,23.750000000000004,92.75,1,RECORDED_LANDSLIDE
7266,2015-07-22 00:00:00,25.5098,93.8794,Manipur,12.26999855041504,25.55,93.8499984741211,1,RECORDED_LANDSLIDE
NEG_20100814_0085,2010-08-14,27.350000000000012,91.94999694824219,NER_BACKGROUND,1.804999828338623,27.350000000000012,91.94999694824219,0,BACKGROUND_NO_RECORDED_LANDSLIDE
2422,2010-09-13 00:00:00,23.74182634,92.7141905,Mizoram,37.53999328613281,23.750000000000004,92.75,1,RECORDED_LANDSLIDE
